./sam_alignments/D3_DOX_Antat.300R_GGACTCCT+GTAAGGAG_4F_1	14
./sam_alignments/D3_DOX_Antat.1357_ACCGTGAT+GACATTGT_3F_1	8656
./sam_alignments/D3_DOX_Antat.792_CTCTCTAC+AAGGAGTA_3R_1	33
./sam_alignments/D3_DOX_Antat.909R_CAGAGAGG+CTAAGCCT_3F_1	224995
./sam_alignments/D3_DOX_Antat.592_TAGGCATG+ACTGCATA_3R_1	25
./sam_alignments/D3_DOX_Antat.909R_CAGAGAGG+CTAAGCCT_0R_1	2821
./sam_alignments/D3_DOX_Antat.1357_ACCGTGAT+GACATTGT_0R_1	125659
./sam_alignments/D3_DOX_Antat.909R_CAGAGAGG+CTAAGCCT_2R_1	395502
./sam_alignments/D3_DOX_Antat.141_TCCTGAGC+AGAGTAGA_4F_1	9
./sam_alignments/D3_DOX_Antat.592_TAGGCATG+ACTGCATA_1R_1	4888
./sam_alignments/D3_DOX_Antat.792_CTCTCTAC+AAGGAGTA_2F_1	293602
./sam_alignments/D3_DOX_Antat.1357_ACCGTGAT+GACATTGT_2R_1	7
./sam_alignments/D3_DOX_Antat.1357_ACCGTGAT+GACATTGT_1F_1	55
./sam_alignments/D3_DOX_Antat.909R_CAGAGAGG+CTAAGCCT_1F_1	1151
./sam_alignments/D3_DOX_Antat.792_CTCTCTAC+AAGGAGTA_1R_1	95015
./sam_alignments/D3_DOX_Antat.592_TAGGCATG+ACTGCATA_2F_1	280053
./sam_alignments/D3_DOX_Antat.300R_GGACTCCT+GTAAGGAG_1R_1	25
./sam_alignments/D3_DOX_Antat.141_TCCTGAGC+AGAGTAGA_3R_1	320109
./sam_alignments/D3_DOX_Antat.300R_GGACTCCT+GTAAGGAG_2F_1	191782
./sam_alignments/D3_DOX_Antat.141_TCCTGAGC+AGAGTAGA_1R_1	17
./sam_alignments/D3_DOX_Antat.592_TAGGCATG+ACTGCATA_4F_1	100
./sam_alignments/D3_DOX_Antat.300R_GGACTCCT+GTAAGGAG_3R_1	351974
./sam_alignments/D3_DOX_Antat.792_CTCTCTAC+AAGGAGTA_4F_1	189
./sam_alignments/D3_DOX_Antat.141_TCCTGAGC+AGAGTAGA_2F_1	20
./sam_alignments/D3_DOX_Antat.1357_ACCGTGAT+GACATTGT_1R_1	338876
./sam_alignments/D3_DOX_Antat.592_TAGGCATG+ACTGCATA_2R_1	313938
./sam_alignments/D3_DOX_Antat.792_CTCTCTAC+AAGGAGTA_1F_1	5762
./sam_alignments/D3_DOX_Antat.909R_CAGAGAGG+CTAAGCCT_1R_1	194944
./sam_alignments/D3_DOX_Antat.792_CTCTCTAC+AAGGAGTA_2R_1	370274
./sam_alignments/D3_DOX_Antat.592_TAGGCATG+ACTGCATA_1F_1	114104
./sam_alignments/D3_DOX_Antat.909R_CAGAGAGG+CTAAGCCT_2F_1	129190
./sam_alignments/D3_DOX_Antat.1357_ACCGTGAT+GACATTGT_2F_1	378
./sam_alignments/D3_DOX_Antat.792_CTCTCTAC+AAGGAGTA_0R_1	2222
./sam_alignments/D3_DOX_Antat.592_TAGGCATG+ACTGCATA_3F_1	190739
./sam_alignments/D3_DOX_Antat.1357_ACCGTGAT+GACATTGT_3R_1	18
./sam_alignments/D3_DOX_Antat.909R_CAGAGAGG+CTAAGCCT_3R_1	28
./sam_alignments/D3_DOX_Antat.592_TAGGCATG+ACTGCATA_0R_1	56
./sam_alignments/D3_DOX_Antat.792_CTCTCTAC+AAGGAGTA_3F_1	285419
./sam_alignments/D3_DOX_Antat.300R_GGACTCCT+GTAAGGAG_3F_1	8
./sam_alignments/D3_DOX_Antat.1357_ACCGTGAT+GACATTGT_4F_1	485394
./sam_alignments/D3_DOX_Antat.141_TCCTGAGC+AGAGTAGA_2R_1	35573
./sam_alignments/D3_DOX_Antat.909R_CAGAGAGG+CTAAGCCT_4F_1	236319
./sam_alignments/D3_DOX_Antat.141_TCCTGAGC+AGAGTAGA_1F_1	229510
./sam_alignments/D3_DOX_Antat.300R_GGACTCCT+GTAAGGAG_0R_1	15
./sam_alignments/D3_DOX_Antat.141_TCCTGAGC+AGAGTAGA_3F_1	3
./sam_alignments/D3_DOX_Antat.300R_GGACTCCT+GTAAGGAG_2R_1	100176
./sam_alignments/D3_DOX_Antat.300R_GGACTCCT+GTAAGGAG_1F_1	238411
./sam_alignments/D3_DOX_Antat.141_TCCTGAGC+AGAGTAGA_0R_1	2
