./sam_alignments/E9_DOX_Antat.141_TCCTGAGC+AGAGTAGA_0R_1	4
./sam_alignments/E9_DOX_Antat.141_TCCTGAGC+AGAGTAGA_3F_1	3
./sam_alignments/E9_DOX_Antat.1357_ACCGTGAT+GACATTGT_3R_1	16
./sam_alignments/E9_DOX_Antat.909R_CAGAGAGG+CTAAGCCT_3R_1	23
./sam_alignments/E9_DOX_Antat.1357_ACCGTGAT+GACATTGT_1R_1	351484
./sam_alignments/E9_DOX_Antat.141_TCCTGAGC+AGAGTAGA_1F_1	219909
./sam_alignments/E9_DOX_Antat.909R_CAGAGAGG+CTAAGCCT_1R_1	156051
./sam_alignments/E9_DOX_Antat.909R_CAGAGAGG+CTAAGCCT_2F_1	98392
./sam_alignments/E9_DOX_Antat.1357_ACCGTGAT+GACATTGT_2F_1	267
./sam_alignments/E9_DOX_Antat.141_TCCTGAGC+AGAGTAGA_2R_1	24376
./sam_alignments/E9_DOX_Antat.792_CTCTCTAC+AAGGAGTA_3F_1	217941
./sam_alignments/E9_DOX_Antat.592_TAGGCATG+ACTGCATA_0R_1	75
./sam_alignments/E9_DOX_Antat.300R_GGACTCCT+GTAAGGAG_2R_1	99522
./sam_alignments/E9_DOX_Antat.592_TAGGCATG+ACTGCATA_3F_1	122581
./sam_alignments/E9_DOX_Antat.792_CTCTCTAC+AAGGAGTA_0R_1	555
./sam_alignments/E9_DOX_Antat.300R_GGACTCCT+GTAAGGAG_1F_1	210503
./sam_alignments/E9_DOX_Antat.1357_ACCGTGAT+GACATTGT_4F_1	410064
./sam_alignments/E9_DOX_Antat.300R_GGACTCCT+GTAAGGAG_3F_1	10
./sam_alignments/E9_DOX_Antat.592_TAGGCATG+ACTGCATA_1F_1	78747
./sam_alignments/E9_DOX_Antat.792_CTCTCTAC+AAGGAGTA_2R_1	329025
./sam_alignments/E9_DOX_Antat.909R_CAGAGAGG+CTAAGCCT_4F_1	182845
./sam_alignments/E9_DOX_Antat.300R_GGACTCCT+GTAAGGAG_0R_1	9
./sam_alignments/E9_DOX_Antat.792_CTCTCTAC+AAGGAGTA_1F_1	1815
./sam_alignments/E9_DOX_Antat.592_TAGGCATG+ACTGCATA_2R_1	308476
./sam_alignments/E9_DOX_Antat.909R_CAGAGAGG+CTAAGCCT_2R_1	249363
./sam_alignments/E9_DOX_Antat.792_CTCTCTAC+AAGGAGTA_4F_1	175
./sam_alignments/E9_DOX_Antat.141_TCCTGAGC+AGAGTAGA_2F_1	26
./sam_alignments/E9_DOX_Antat.1357_ACCGTGAT+GACATTGT_2R_1	13
./sam_alignments/E9_DOX_Antat.141_TCCTGAGC+AGAGTAGA_1R_1	17
./sam_alignments/E9_DOX_Antat.592_TAGGCATG+ACTGCATA_4F_1	93
./sam_alignments/E9_DOX_Antat.1357_ACCGTGAT+GACATTGT_1F_1	30
./sam_alignments/E9_DOX_Antat.909R_CAGAGAGG+CTAAGCCT_1F_1	1242
./sam_alignments/E9_DOX_Antat.1357_ACCGTGAT+GACATTGT_3F_1	6667
./sam_alignments/E9_DOX_Antat.300R_GGACTCCT+GTAAGGAG_4F_1	6
./sam_alignments/E9_DOX_Antat.141_TCCTGAGC+AGAGTAGA_3R_1	307057
./sam_alignments/E9_DOX_Antat.909R_CAGAGAGG+CTAAGCCT_3F_1	159553
./sam_alignments/E9_DOX_Antat.909R_CAGAGAGG+CTAAGCCT_0R_1	6341
./sam_alignments/E9_DOX_Antat.1357_ACCGTGAT+GACATTGT_0R_1	147751
./sam_alignments/E9_DOX_Antat.592_TAGGCATG+ACTGCATA_2F_1	192194
./sam_alignments/E9_DOX_Antat.792_CTCTCTAC+AAGGAGTA_1R_1	58639
./sam_alignments/E9_DOX_Antat.141_TCCTGAGC+AGAGTAGA_4F_1	6
./sam_alignments/E9_DOX_Antat.792_CTCTCTAC+AAGGAGTA_2F_1	227563
./sam_alignments/E9_DOX_Antat.592_TAGGCATG+ACTGCATA_1R_1	5282
./sam_alignments/E9_DOX_Antat.300R_GGACTCCT+GTAAGGAG_3R_1	338078
./sam_alignments/E9_DOX_Antat.300R_GGACTCCT+GTAAGGAG_1R_1	20
./sam_alignments/E9_DOX_Antat.592_TAGGCATG+ACTGCATA_3R_1	63
./sam_alignments/E9_DOX_Antat.300R_GGACTCCT+GTAAGGAG_2F_1	179419
./sam_alignments/E9_DOX_Antat.792_CTCTCTAC+AAGGAGTA_3R_1	36
