./sam_alignments/C7-B7_DOX_AnTat.592.BES7_CTCTCTAC+AAGGAGTA_3R_1	34
./sam_alignments/D2-D3_DOX_AnTat.592.rDNA_GGACTCCT+GTAAGGAG_2R_2	368012
./sam_alignments/D2-1E9_DOX_AnTat.592.Minichr_TAGGCATG+ACTGCATA_1F_2	0
./sam_alignments/D2-1E9_DOX_AnTat.592.Parental_AGGCAGAA+TATCCTCT_2F_2	245578
./sam_alignments/D2-1E9_DOX_AnTat.592.Tubulin_TCCTGAGC+AGAGTAGA_3F_2	189111
./sam_alignments/D2-D3_DOX_AnTat.592.Tubulin_TCCTGAGC+AGAGTAGA_4F_2	10
./sam_alignments/D2-D3_DOX_AnTat.592.rDNA_GGACTCCT+GTAAGGAG_1F_1	109076
./sam_alignments/D2-1E9_DOX_AnTat.592.Minichr_TAGGCATG+ACTGCATA_2R_1	312328
./sam_alignments/D2-1E9_DOX_AnTat.592.Tubulin_TCCTGAGC+AGAGTAGA_0R_1	23
./sam_alignments/D2-1E9_DOX_AnTat.592.Parental_AGGCAGAA+TATCCTCT_1R_1	495
./sam_alignments/C7-B7_DOX_AnTat.592.BES7_CTCTCTAC+AAGGAGTA_3R_2	0
./sam_alignments/D2-D3_DOX_AnTat.592.rDNA_GGACTCCT+GTAAGGAG_2R_1	374702
./sam_alignments/D2-1E9_DOX_AnTat.592.Minichr_TAGGCATG+ACTGCATA_1F_1	52830
./sam_alignments/D2-1E9_DOX_AnTat.592.Parental_AGGCAGAA+TATCCTCT_2F_1	258543
./sam_alignments/D2-1E9_DOX_AnTat.592.Tubulin_TCCTGAGC+AGAGTAGA_3F_1	179980
./sam_alignments/D2-D3_DOX_AnTat.592.Tubulin_TCCTGAGC+AGAGTAGA_4F_1	135
./sam_alignments/D2-D3_DOX_AnTat.592.rDNA_GGACTCCT+GTAAGGAG_1F_2	0
./sam_alignments/D2-1E9_DOX_AnTat.592.Minichr_TAGGCATG+ACTGCATA_2R_2	306506
./sam_alignments/D2-1E9_DOX_AnTat.592.Tubulin_TCCTGAGC+AGAGTAGA_0R_2	0
./sam_alignments/D2-1E9_DOX_AnTat.592.Parental_AGGCAGAA+TATCCTCT_1R_2	0
./sam_alignments/D2-1E9_DOX_AnTat.592.Tubulin_TCCTGAGC+AGAGTAGA_1F_1	63078
./sam_alignments/D2-1E9_DOX_AnTat.592.Minichr_TAGGCATG+ACTGCATA_3F_1	185900
./sam_alignments/C7-B7_DOX_AnTat.592.BES7_CTCTCTAC+AAGGAGTA_1R_2	0
./sam_alignments/D2-D3_DOX_AnTat.592.rDNA_GGACTCCT+GTAAGGAG_0R_1	9
./sam_alignments/D2-1E9_DOX_AnTat.592.Tubulin_TCCTGAGC+AGAGTAGA_2R_2	265774
./sam_alignments/D2-1E9_DOX_AnTat.592.Parental_AGGCAGAA+TATCCTCT_3R_2	0
./sam_alignments/D2-1E9_DOX_AnTat.592.Minichr_TAGGCATG+ACTGCATA_0R_2	0
./sam_alignments/D2-D3_DOX_AnTat.592.rDNA_GGACTCCT+GTAAGGAG_3F_2	256963
./sam_alignments/D2-D3_DOX_AnTat.592.Minichr_TAGGCATG+ACTGCATA_4F_1	101
./sam_alignments/C7-B7_DOX_AnTat.592.BES7_CTCTCTAC+AAGGAGTA_2F_1	274289
./sam_alignments/D2-1E9_DOX_AnTat.592.Tubulin_TCCTGAGC+AGAGTAGA_1F_2	0
./sam_alignments/D2-1E9_DOX_AnTat.592.Minichr_TAGGCATG+ACTGCATA_3F_2	191503
./sam_alignments/C7-B7_DOX_AnTat.592.BES7_CTCTCTAC+AAGGAGTA_1R_1	1297
./sam_alignments/D2-D3_DOX_AnTat.592.rDNA_GGACTCCT+GTAAGGAG_0R_2	0
./sam_alignments/D2-1E9_DOX_AnTat.592.Tubulin_TCCTGAGC+AGAGTAGA_2R_1	269957
./sam_alignments/D2-1E9_DOX_AnTat.592.Parental_AGGCAGAA+TATCCTCT_3R_1	33
./sam_alignments/D2-1E9_DOX_AnTat.592.Minichr_TAGGCATG+ACTGCATA_0R_1	14
./sam_alignments/D2-D3_DOX_AnTat.592.Minichr_TAGGCATG+ACTGCATA_4F_2	17
./sam_alignments/D2-D3_DOX_AnTat.592.rDNA_GGACTCCT+GTAAGGAG_3F_1	240476
./sam_alignments/C7-B7_DOX_AnTat.592.BES7_CTCTCTAC+AAGGAGTA_2F_2	267707
./sam_alignments/D2-D3_DOX_AnTat.592.Tubulin_TCCTGAGC+AGAGTAGA_2F_1	319493
./sam_alignments/D2-D3_DOX_AnTat.592.Parental_AGGCAGAA+TATCCTCT_1F_2	0
./sam_alignments/D2-1E9_DOX_AnTat.592.rDNA_GGACTCCT+GTAAGGAG_0R_1	7
./sam_alignments/D2-D3_DOX_AnTat.592.Minichr_TAGGCATG+ACTGCATA_3R_2	0
./sam_alignments/D2-D3_DOX_AnTat.592.Tubulin_TCCTGAGC+AGAGTAGA_1R_2	0
./sam_alignments/D2-D3_DOX_AnTat.592.Parental_AGGCAGAA+TATCCTCT_2R_1	341874
./sam_alignments/D2-1E9_DOX_AnTat.592.rDNA_GGACTCCT+GTAAGGAG_3F_2	234372
./sam_alignments/D2-1E9_DOX_AnTat.592.Parental_AGGCAGAA+TATCCTCT_4F_1	119
./sam_alignments/D2-D3_DOX_AnTat.592.Tubulin_TCCTGAGC+AGAGTAGA_2F_2	315852
./sam_alignments/D2-D3_DOX_AnTat.592.Parental_AGGCAGAA+TATCCTCT_1F_1	87688
./sam_alignments/D2-1E9_DOX_AnTat.592.rDNA_GGACTCCT+GTAAGGAG_0R_2	0
./sam_alignments/D2-D3_DOX_AnTat.592.Minichr_TAGGCATG+ACTGCATA_3R_1	18
./sam_alignments/D2-D3_DOX_AnTat.592.Tubulin_TCCTGAGC+AGAGTAGA_1R_1	267
./sam_alignments/D2-D3_DOX_AnTat.592.Parental_AGGCAGAA+TATCCTCT_2R_2	322856
./sam_alignments/D2-1E9_DOX_AnTat.592.rDNA_GGACTCCT+GTAAGGAG_3F_1	217742
./sam_alignments/D2-1E9_DOX_AnTat.592.Parental_AGGCAGAA+TATCCTCT_4F_2	9
./sam_alignments/D2-1E9_DOX_AnTat.592.rDNA_GGACTCCT+GTAAGGAG_2R_2	311041
./sam_alignments/D2-D3_DOX_AnTat.592.Parental_AGGCAGAA+TATCCTCT_3F_1	213648
./sam_alignments/C7-B7_DOX_AnTat.592.BES7_CTCTCTAC+AAGGAGTA_4F_2	14
./sam_alignments/D2-D3_DOX_AnTat.592.Minichr_TAGGCATG+ACTGCATA_2F_2	295061
./sam_alignments/D2-1E9_DOX_AnTat.592.rDNA_GGACTCCT+GTAAGGAG_1F_1	74509
./sam_alignments/D2-D3_DOX_AnTat.592.Parental_AGGCAGAA+TATCCTCT_0R_2	0
./sam_alignments/D2-D3_DOX_AnTat.592.Tubulin_TCCTGAGC+AGAGTAGA_3R_1	28
./sam_alignments/D2-D3_DOX_AnTat.592.Minichr_TAGGCATG+ACTGCATA_1R_1	711
./sam_alignments/D2-1E9_DOX_AnTat.592.rDNA_GGACTCCT+GTAAGGAG_2R_1	182999
./sam_alignments/D2-D3_DOX_AnTat.592.Parental_AGGCAGAA+TATCCTCT_3F_2	213419
./sam_alignments/C7-B7_DOX_AnTat.592.BES7_CTCTCTAC+AAGGAGTA_4F_1	106
./sam_alignments/D2-D3_DOX_AnTat.592.Minichr_TAGGCATG+ACTGCATA_2F_1	299817
./sam_alignments/D2-1E9_DOX_AnTat.592.rDNA_GGACTCCT+GTAAGGAG_1F_2	0
./sam_alignments/D2-D3_DOX_AnTat.592.Parental_AGGCAGAA+TATCCTCT_0R_1	9
./sam_alignments/D2-D3_DOX_AnTat.592.Tubulin_TCCTGAGC+AGAGTAGA_3R_2	0
./sam_alignments/D2-D3_DOX_AnTat.592.Minichr_TAGGCATG+ACTGCATA_1R_2	0
./sam_alignments/C7-B7_DOX_AnTat.592.BES7_CTCTCTAC+AAGGAGTA_1F_1	73519
./sam_alignments/D2-1E9_DOX_AnTat.592.Parental_AGGCAGAA+TATCCTCT_0R_2	0
./sam_alignments/D2-1E9_DOX_AnTat.592.Tubulin_TCCTGAGC+AGAGTAGA_1R_2	0
./sam_alignments/D2-1E9_DOX_AnTat.592.Minichr_TAGGCATG+ACTGCATA_3R_2	0
./sam_alignments/D2-D3_DOX_AnTat.592.rDNA_GGACTCCT+GTAAGGAG_3R_1	19
./sam_alignments/C7-B7_DOX_AnTat.592.BES7_CTCTCTAC+AAGGAGTA_2R_2	338863
./sam_alignments/D2-1E9_DOX_AnTat.592.Tubulin_TCCTGAGC+AGAGTAGA_2F_1	220874
./sam_alignments/D2-1E9_DOX_AnTat.592.rDNA_GGACTCCT+GTAAGGAG_4F_2	8
./sam_alignments/D2-1E9_DOX_AnTat.592.Parental_AGGCAGAA+TATCCTCT_3F_1	242630
./sam_alignments/C7-B7_DOX_AnTat.592.BES7_CTCTCTAC+AAGGAGTA_1F_2	0
./sam_alignments/D2-1E9_DOX_AnTat.592.Parental_AGGCAGAA+TATCCTCT_0R_1	17
./sam_alignments/D2-1E9_DOX_AnTat.592.Tubulin_TCCTGAGC+AGAGTAGA_1R_1	975
./sam_alignments/D2-1E9_DOX_AnTat.592.Minichr_TAGGCATG+ACTGCATA_3R_1	29
./sam_alignments/D2-D3_DOX_AnTat.592.rDNA_GGACTCCT+GTAAGGAG_3R_2	0
./sam_alignments/C7-B7_DOX_AnTat.592.BES7_CTCTCTAC+AAGGAGTA_2R_1	347637
./sam_alignments/D2-1E9_DOX_AnTat.592.rDNA_GGACTCCT+GTAAGGAG_4F_1	104
./sam_alignments/D2-1E9_DOX_AnTat.592.Tubulin_TCCTGAGC+AGAGTAGA_2F_2	217588
./sam_alignments/D2-1E9_DOX_AnTat.592.Parental_AGGCAGAA+TATCCTCT_3F_2	234400
./sam_alignments/D2-1E9_DOX_AnTat.592.Minichr_TAGGCATG+ACTGCATA_1R_1	1476
./sam_alignments/D2-1E9_DOX_AnTat.592.Parental_AGGCAGAA+TATCCTCT_2R_1	272394
./sam_alignments/D2-D3_DOX_AnTat.592.Parental_AGGCAGAA+TATCCTCT_4F_1	109
./sam_alignments/D2-1E9_DOX_AnTat.592.Tubulin_TCCTGAGC+AGAGTAGA_3R_1	18
./sam_alignments/C7-B7_DOX_AnTat.592.BES7_CTCTCTAC+AAGGAGTA_3F_2	227113
./sam_alignments/D2-D3_DOX_AnTat.592.rDNA_GGACTCCT+GTAAGGAG_2F_1	295370
./sam_alignments/D2-1E9_DOX_AnTat.592.Minichr_TAGGCATG+ACTGCATA_2F_2	211719
./sam_alignments/D2-1E9_DOX_AnTat.592.Parental_AGGCAGAA+TATCCTCT_1F_2	0
./sam_alignments/D2-D3_DOX_AnTat.592.rDNA_GGACTCCT+GTAAGGAG_1R_2	0
./sam_alignments/C7-B7_DOX_AnTat.592.BES7_CTCTCTAC+AAGGAGTA_0R_1	8
./sam_alignments/D2-1E9_DOX_AnTat.592.Minichr_TAGGCATG+ACTGCATA_1R_2	0
./sam_alignments/D2-1E9_DOX_AnTat.592.Parental_AGGCAGAA+TATCCTCT_2R_2	257720
./sam_alignments/D2-D3_DOX_AnTat.592.Parental_AGGCAGAA+TATCCTCT_4F_2	11
./sam_alignments/D2-1E9_DOX_AnTat.592.Tubulin_TCCTGAGC+AGAGTAGA_3R_2	0
./sam_alignments/C7-B7_DOX_AnTat.592.BES7_CTCTCTAC+AAGGAGTA_3F_1	218115
./sam_alignments/D2-D3_DOX_AnTat.592.rDNA_GGACTCCT+GTAAGGAG_2F_2	292193
./sam_alignments/D2-1E9_DOX_AnTat.592.Minichr_TAGGCATG+ACTGCATA_2F_1	216199
./sam_alignments/D2-1E9_DOX_AnTat.592.Parental_AGGCAGAA+TATCCTCT_1F_1	45470
./sam_alignments/D2-D3_DOX_AnTat.592.rDNA_GGACTCCT+GTAAGGAG_1R_1	1660
./sam_alignments/C7-B7_DOX_AnTat.592.BES7_CTCTCTAC+AAGGAGTA_0R_2	0
./sam_alignments/D2-D3_DOX_AnTat.592.Tubulin_TCCTGAGC+AGAGTAGA_0R_1	6
./sam_alignments/D2-D3_DOX_AnTat.592.Minichr_TAGGCATG+ACTGCATA_2R_1	399103
./sam_alignments/D2-D3_DOX_AnTat.592.Parental_AGGCAGAA+TATCCTCT_3R_2	0
./sam_alignments/D2-1E9_DOX_AnTat.592.rDNA_GGACTCCT+GTAAGGAG_2F_1	243889
./sam_alignments/D2-1E9_DOX_AnTat.592.Tubulin_TCCTGAGC+AGAGTAGA_4F_2	4
./sam_alignments/D2-D3_DOX_AnTat.592.Tubulin_TCCTGAGC+AGAGTAGA_3F_2	266416
./sam_alignments/D2-D3_DOX_AnTat.592.Minichr_TAGGCATG+ACTGCATA_1F_2	0
./sam_alignments/D2-1E9_DOX_AnTat.592.rDNA_GGACTCCT+GTAAGGAG_1R_2	0
./sam_alignments/D2-D3_DOX_AnTat.592.Tubulin_TCCTGAGC+AGAGTAGA_0R_2	0
./sam_alignments/D2-D3_DOX_AnTat.592.Minichr_TAGGCATG+ACTGCATA_2R_2	390035
./sam_alignments/D2-D3_DOX_AnTat.592.Parental_AGGCAGAA+TATCCTCT_3R_1	17
./sam_alignments/D2-1E9_DOX_AnTat.592.Tubulin_TCCTGAGC+AGAGTAGA_4F_1	96
./sam_alignments/D2-1E9_DOX_AnTat.592.rDNA_GGACTCCT+GTAAGGAG_2F_2	240507
./sam_alignments/D2-D3_DOX_AnTat.592.Tubulin_TCCTGAGC+AGAGTAGA_3F_1	262986
./sam_alignments/D2-D3_DOX_AnTat.592.Minichr_TAGGCATG+ACTGCATA_1F_1	70580
./sam_alignments/D2-1E9_DOX_AnTat.592.rDNA_GGACTCCT+GTAAGGAG_1R_1	1901
./sam_alignments/D2-D3_DOX_AnTat.592.Parental_AGGCAGAA+TATCCTCT_1R_1	989
./sam_alignments/D2-1E9_DOX_AnTat.592.Minichr_TAGGCATG+ACTGCATA_4F_1	75
./sam_alignments/D2-D3_DOX_AnTat.592.Minichr_TAGGCATG+ACTGCATA_0R_2	0
./sam_alignments/D2-D3_DOX_AnTat.592.Tubulin_TCCTGAGC+AGAGTAGA_2R_2	353088
./sam_alignments/D2-1E9_DOX_AnTat.592.rDNA_GGACTCCT+GTAAGGAG_3R_1	18
./sam_alignments/D2-D3_DOX_AnTat.592.Parental_AGGCAGAA+TATCCTCT_2F_2	277559
./sam_alignments/D2-D3_DOX_AnTat.592.Minichr_TAGGCATG+ACTGCATA_3F_1	223413
./sam_alignments/D2-D3_DOX_AnTat.592.rDNA_GGACTCCT+GTAAGGAG_4F_2	6
./sam_alignments/D2-D3_DOX_AnTat.592.Tubulin_TCCTGAGC+AGAGTAGA_1F_1	81637
./sam_alignments/D2-D3_DOX_AnTat.592.Parental_AGGCAGAA+TATCCTCT_1R_2	0
./sam_alignments/D2-1E9_DOX_AnTat.592.Minichr_TAGGCATG+ACTGCATA_4F_2	9
./sam_alignments/D2-D3_DOX_AnTat.592.Minichr_TAGGCATG+ACTGCATA_0R_1	8
./sam_alignments/D2-D3_DOX_AnTat.592.Tubulin_TCCTGAGC+AGAGTAGA_2R_1	360065
./sam_alignments/D2-1E9_DOX_AnTat.592.rDNA_GGACTCCT+GTAAGGAG_3R_2	0
./sam_alignments/D2-D3_DOX_AnTat.592.Parental_AGGCAGAA+TATCCTCT_2F_1	288678
./sam_alignments/D2-D3_DOX_AnTat.592.rDNA_GGACTCCT+GTAAGGAG_4F_1	111
./sam_alignments/D2-D3_DOX_AnTat.592.Minichr_TAGGCATG+ACTGCATA_3F_2	225951
./sam_alignments/D2-D3_DOX_AnTat.592.Tubulin_TCCTGAGC+AGAGTAGA_1F_2	0
