./sam_alignments/E4-C8a_DOX_AnTat.592.rDNA-noUTR-C_CAGAGAGG+CTAAGCCT_1R_2	0
./sam_alignments/E4-C8a_DOX_AnTat.592.Parental_TAAGGCGA+TAGATCGC_3F_1	40929
./sam_alignments/E4-C8b_DOX_AnTat.592.rDNA-noUTR-C_TCCTGAGC+AGAGTAGA_2F_2	143751
./sam_alignments/E4-C8a_DOX_AnTat.592.rDNA-noUTR-C_CAGAGAGG+CTAAGCCT_2F_1	87291
./sam_alignments/E4-C8a_DOX_AnTat.592.Parental_TAAGGCGA+TAGATCGC_0R_2	0
./sam_alignments/E4-C8b_DOX_AnTat.592.rDNA-100-C_ACCGTGAT+GACATTGT_3R_1	12
./sam_alignments/E4-C8b_DOX_AnTat.592.rDNA-noUTR-C_TCCTGAGC+AGAGTAGA_1R_1	228
./sam_alignments/E4-C8a_DOX_AnTat.592.rDNA-noUTR-C_CAGAGAGG+CTAAGCCT_1R_1	626
./sam_alignments/E4-C8a_DOX_AnTat.592.Parental_TAAGGCGA+TAGATCGC_3F_2	40260
./sam_alignments/E4-C8b_DOX_AnTat.592.rDNA-noUTR-C_TCCTGAGC+AGAGTAGA_2F_1	145092
./sam_alignments/E4-C8a_DOX_AnTat.592.rDNA-noUTR-C_CAGAGAGG+CTAAGCCT_2F_2	85861
./sam_alignments/E4-C8a_DOX_AnTat.592.Parental_TAAGGCGA+TAGATCGC_0R_1	2
./sam_alignments/E4-C8b_DOX_AnTat.592.rDNA-100-C_ACCGTGAT+GACATTGT_3R_2	0
./sam_alignments/E4-C8b_DOX_AnTat.592.rDNA-noUTR-C_TCCTGAGC+AGAGTAGA_1R_2	0
./sam_alignments/E4-C8a_DOX_AnTat.592.Parental_TAAGGCGA+TAGATCGC_1F_2	0
./sam_alignments/E4-C8b_DOX_AnTat.592.rDNA-100-C_ACCGTGAT+GACATTGT_2F_1	131498
./sam_alignments/E4-C8a_DOX_AnTat.592.rDNA-noUTR-C_CAGAGAGG+CTAAGCCT_3R_1	10
./sam_alignments/E4-C8b_DOX_AnTat.592.rDNA-noUTR-C_TCCTGAGC+AGAGTAGA_3R_2	0
./sam_alignments/E4-C8a_DOX_AnTat.592.Parental_TAAGGCGA+TAGATCGC_2R_1	51097
./sam_alignments/E4-C8b_DOX_AnTat.592.rDNA-100-C_ACCGTGAT+GACATTGT_1R_2	0
./sam_alignments/E4-C8a_DOX_AnTat.592.rDNA_CTCTCTAC+AAGGAGTA_4F_2	3
./sam_alignments/E4-C8a_DOX_AnTat.592.Parental_TAAGGCGA+TAGATCGC_1F_1	8033
./sam_alignments/E4-C8b_DOX_AnTat.592.rDNA-100-C_ACCGTGAT+GACATTGT_2F_2	129762
./sam_alignments/E4-C8a_DOX_AnTat.592.rDNA-noUTR-C_CAGAGAGG+CTAAGCCT_3R_2	0
./sam_alignments/E4-C8b_DOX_AnTat.592.rDNA-noUTR-C_TCCTGAGC+AGAGTAGA_3R_1	21
./sam_alignments/E4-C8a_DOX_AnTat.592.Parental_TAAGGCGA+TAGATCGC_2R_2	50084
./sam_alignments/E4-C8b_DOX_AnTat.592.rDNA-100-C_ACCGTGAT+GACATTGT_1R_1	630
./sam_alignments/E4-C8a_DOX_AnTat.592.rDNA_CTCTCTAC+AAGGAGTA_4F_1	46
./sam_alignments/E4-C8b_DOX_AnTat.592.rDNA-500-C_GCACATCG+ACTGATGG_2R_2	159113
./sam_alignments/E4-C8a_DOX_AnTat.592.rDNA-noUTR-C_CAGAGAGG+CTAAGCCT_4F_2	4
./sam_alignments/E4-C8b_DOX_AnTat.592.rDNA_AGGCAGAA+TATCCTCT_0R_2	0
./sam_alignments/E4-C8a_DOX_AnTat.592.rDNA-500-C_TAGGCATG+ACTGCATA_3F_2	80743
./sam_alignments/E4-C8a_DOX_AnTat.592.rDNA-100-C_GGACTCCT+GTAAGGAG_1F_2	0
./sam_alignments/E4-C8b_DOX_AnTat.592.rDNA-500-C_GCACATCG+ACTGATGG_1F_1	39914
./sam_alignments/E4-C8a_DOX_AnTat.592.rDNA_CTCTCTAC+AAGGAGTA_3R_1	8
./sam_alignments/E4-C8b_DOX_AnTat.592.rDNA_AGGCAGAA+TATCCTCT_3F_1	89489
./sam_alignments/E4-C8a_DOX_AnTat.592.rDNA-500-C_TAGGCATG+ACTGCATA_0R_1	1
./sam_alignments/E4-C8b_DOX_AnTat.592.rDNA-noUTR-C_TCCTGAGC+AGAGTAGA_4F_1	68
./sam_alignments/E4-C8a_DOX_AnTat.592.rDNA-100-C_GGACTCCT+GTAAGGAG_2R_1	211467
./sam_alignments/E4-C8b_DOX_AnTat.592.rDNA-500-C_GCACATCG+ACTGATGG_2R_1	162615
./sam_alignments/E4-C8a_DOX_AnTat.592.rDNA-noUTR-C_CAGAGAGG+CTAAGCCT_4F_1	32
./sam_alignments/E4-C8b_DOX_AnTat.592.rDNA_AGGCAGAA+TATCCTCT_0R_1	2
./sam_alignments/E4-C8a_DOX_AnTat.592.rDNA-500-C_TAGGCATG+ACTGCATA_3F_1	81419
./sam_alignments/E4-C8a_DOX_AnTat.592.rDNA-100-C_GGACTCCT+GTAAGGAG_1F_1	31724
./sam_alignments/E4-C8b_DOX_AnTat.592.rDNA-500-C_GCACATCG+ACTGATGG_1F_2	0
./sam_alignments/E4-C8a_DOX_AnTat.592.rDNA_CTCTCTAC+AAGGAGTA_3R_2	0
./sam_alignments/E4-C8b_DOX_AnTat.592.rDNA_AGGCAGAA+TATCCTCT_3F_2	87950
./sam_alignments/E4-C8a_DOX_AnTat.592.rDNA-500-C_TAGGCATG+ACTGCATA_0R_2	0
./sam_alignments/E4-C8b_DOX_AnTat.592.rDNA-noUTR-C_TCCTGAGC+AGAGTAGA_4F_2	6
./sam_alignments/E4-C8a_DOX_AnTat.592.rDNA-100-C_GGACTCCT+GTAAGGAG_2R_2	208807
./sam_alignments/E4-C8a_DOX_AnTat.592.rDNA-100-C_GGACTCCT+GTAAGGAG_3F_1	111899
./sam_alignments/E4-C8a_DOX_AnTat.592.rDNA-500-C_TAGGCATG+ACTGCATA_1F_1	15450
./sam_alignments/E4-C8b_DOX_AnTat.592.rDNA_AGGCAGAA+TATCCTCT_2R_1	92775
./sam_alignments/E4-C8a_DOX_AnTat.592.rDNA_CTCTCTAC+AAGGAGTA_2F_1	150644
./sam_alignments/E4-C8b_DOX_AnTat.592.rDNA-500-C_GCACATCG+ACTGATGG_0R_1	5
./sam_alignments/E4-C8a_DOX_AnTat.592.rDNA-100-C_GGACTCCT+GTAAGGAG_0R_2	0
./sam_alignments/E4-C8a_DOX_AnTat.592.rDNA-500-C_TAGGCATG+ACTGCATA_2R_2	99519
./sam_alignments/E4-C8b_DOX_AnTat.592.rDNA_AGGCAGAA+TATCCTCT_1F_2	0
./sam_alignments/E4-C8a_DOX_AnTat.592.rDNA_CTCTCTAC+AAGGAGTA_1R_2	0
./sam_alignments/E4-C8b_DOX_AnTat.592.rDNA-500-C_GCACATCG+ACTGATGG_3F_2	88170
./sam_alignments/E4-C8b_DOX_AnTat.592.rDNA-100-C_ACCGTGAT+GACATTGT_4F_2	6
./sam_alignments/E4-C8a_DOX_AnTat.592.rDNA-100-C_GGACTCCT+GTAAGGAG_3F_2	111811
./sam_alignments/E4-C8a_DOX_AnTat.592.rDNA-500-C_TAGGCATG+ACTGCATA_1F_2	0
./sam_alignments/E4-C8b_DOX_AnTat.592.rDNA_AGGCAGAA+TATCCTCT_2R_2	89770
./sam_alignments/E4-C8a_DOX_AnTat.592.rDNA_CTCTCTAC+AAGGAGTA_2F_2	148132
./sam_alignments/E4-C8b_DOX_AnTat.592.rDNA-500-C_GCACATCG+ACTGATGG_0R_2	0
./sam_alignments/E4-C8a_DOX_AnTat.592.rDNA-100-C_GGACTCCT+GTAAGGAG_0R_1	9
./sam_alignments/E4-C8a_DOX_AnTat.592.rDNA-500-C_TAGGCATG+ACTGCATA_2R_1	100949
./sam_alignments/E4-C8b_DOX_AnTat.592.rDNA_AGGCAGAA+TATCCTCT_1F_1	3794
./sam_alignments/E4-C8a_DOX_AnTat.592.rDNA_CTCTCTAC+AAGGAGTA_1R_1	264
./sam_alignments/E4-C8b_DOX_AnTat.592.rDNA-500-C_GCACATCG+ACTGATGG_3F_1	84629
./sam_alignments/E4-C8b_DOX_AnTat.592.rDNA-100-C_ACCGTGAT+GACATTGT_4F_1	61
./sam_alignments/E4-C8a_DOX_AnTat.592.Parental_TAAGGCGA+TAGATCGC_1R_1	9
./sam_alignments/E4-C8b_DOX_AnTat.592.rDNA-100-C_ACCGTGAT+GACATTGT_2R_2	160440
./sam_alignments/E4-C8a_DOX_AnTat.592.rDNA-noUTR-C_CAGAGAGG+CTAAGCCT_3F_2	65472
./sam_alignments/E4-C8a_DOX_AnTat.592.rDNA-500-C_TAGGCATG+ACTGCATA_4F_2	7
./sam_alignments/E4-C8b_DOX_AnTat.592.rDNA-noUTR-C_TCCTGAGC+AGAGTAGA_0R_2	0
./sam_alignments/E4-C8a_DOX_AnTat.592.Parental_TAAGGCGA+TAGATCGC_2F_2	113914
./sam_alignments/E4-C8b_DOX_AnTat.592.rDNA-100-C_ACCGTGAT+GACATTGT_1F_1	50682
./sam_alignments/E4-C8a_DOX_AnTat.592.rDNA-noUTR-C_CAGAGAGG+CTAAGCCT_0R_1	6
./sam_alignments/E4-C8b_DOX_AnTat.592.rDNA_AGGCAGAA+TATCCTCT_4F_1	33
./sam_alignments/E4-C8b_DOX_AnTat.592.rDNA-noUTR-C_TCCTGAGC+AGAGTAGA_3F_1	80803
./sam_alignments/E4-C8a_DOX_AnTat.592.Parental_TAAGGCGA+TAGATCGC_1R_2	0
./sam_alignments/E4-C8b_DOX_AnTat.592.rDNA-100-C_ACCGTGAT+GACATTGT_2R_1	163131
./sam_alignments/E4-C8a_DOX_AnTat.592.rDNA-noUTR-C_CAGAGAGG+CTAAGCCT_3F_1	61067
./sam_alignments/E4-C8a_DOX_AnTat.592.rDNA-500-C_TAGGCATG+ACTGCATA_4F_1	54
./sam_alignments/E4-C8b_DOX_AnTat.592.rDNA-noUTR-C_TCCTGAGC+AGAGTAGA_0R_1	6
./sam_alignments/E4-C8a_DOX_AnTat.592.Parental_TAAGGCGA+TAGATCGC_2F_1	115673
./sam_alignments/E4-C8b_DOX_AnTat.592.rDNA-100-C_ACCGTGAT+GACATTGT_1F_2	0
./sam_alignments/E4-C8a_DOX_AnTat.592.rDNA-noUTR-C_CAGAGAGG+CTAAGCCT_0R_2	0
./sam_alignments/E4-C8b_DOX_AnTat.592.rDNA_AGGCAGAA+TATCCTCT_4F_2	2
./sam_alignments/E4-C8b_DOX_AnTat.592.rDNA-noUTR-C_TCCTGAGC+AGAGTAGA_3F_2	82804
./sam_alignments/E4-C8b_DOX_AnTat.592.rDNA-noUTR-C_TCCTGAGC+AGAGTAGA_2R_1	176964
./sam_alignments/E4-C8a_DOX_AnTat.592.rDNA-100-C_GGACTCCT+GTAAGGAG_4F_1	79
./sam_alignments/E4-C8a_DOX_AnTat.592.rDNA-noUTR-C_CAGAGAGG+CTAAGCCT_1F_1	35614
./sam_alignments/E4-C8a_DOX_AnTat.592.Parental_TAAGGCGA+TAGATCGC_3R_2	0
./sam_alignments/E4-C8b_DOX_AnTat.592.rDNA-100-C_ACCGTGAT+GACATTGT_0R_1	4
./sam_alignments/E4-C8b_DOX_AnTat.592.rDNA-noUTR-C_TCCTGAGC+AGAGTAGA_1F_2	0
./sam_alignments/E4-C8a_DOX_AnTat.592.rDNA-noUTR-C_CAGAGAGG+CTAAGCCT_2R_2	116297
./sam_alignments/E4-C8b_DOX_AnTat.592.rDNA-500-C_GCACATCG+ACTGATGG_4F_2	4
./sam_alignments/E4-C8b_DOX_AnTat.592.rDNA-100-C_ACCGTGAT+GACATTGT_3F_2	96108
./sam_alignments/E4-C8b_DOX_AnTat.592.rDNA-noUTR-C_TCCTGAGC+AGAGTAGA_2R_2	174483
./sam_alignments/E4-C8a_DOX_AnTat.592.rDNA-100-C_GGACTCCT+GTAAGGAG_4F_2	3
./sam_alignments/E4-C8a_DOX_AnTat.592.rDNA-noUTR-C_CAGAGAGG+CTAAGCCT_1F_2	0
./sam_alignments/E4-C8a_DOX_AnTat.592.Parental_TAAGGCGA+TAGATCGC_3R_1	12
./sam_alignments/E4-C8b_DOX_AnTat.592.rDNA-100-C_ACCGTGAT+GACATTGT_0R_2	0
./sam_alignments/E4-C8b_DOX_AnTat.592.rDNA-noUTR-C_TCCTGAGC+AGAGTAGA_1F_1	38236
./sam_alignments/E4-C8a_DOX_AnTat.592.rDNA-noUTR-C_CAGAGAGG+CTAAGCCT_2R_1	118700
./sam_alignments/E4-C8b_DOX_AnTat.592.rDNA-500-C_GCACATCG+ACTGATGG_4F_1	62
./sam_alignments/E4-C8b_DOX_AnTat.592.rDNA-100-C_ACCGTGAT+GACATTGT_3F_1	91142
./sam_alignments/E4-C8a_DOX_AnTat.592.rDNA_CTCTCTAC+AAGGAGTA_2R_2	191987
./sam_alignments/E4-C8a_DOX_AnTat.592.Parental_TAAGGCGA+TAGATCGC_4F_1	56
./sam_alignments/E4-C8a_DOX_AnTat.592.rDNA-500-C_TAGGCATG+ACTGCATA_1R_2	0
./sam_alignments/E4-C8a_DOX_AnTat.592.rDNA-100-C_GGACTCCT+GTAAGGAG_3R_2	0
./sam_alignments/E4-C8b_DOX_AnTat.592.rDNA_AGGCAGAA+TATCCTCT_2F_2	133225
./sam_alignments/E4-C8a_DOX_AnTat.592.rDNA_CTCTCTAC+AAGGAGTA_1F_1	49085
./sam_alignments/E4-C8b_DOX_AnTat.592.rDNA-500-C_GCACATCG+ACTGATGG_3R_1	12
./sam_alignments/E4-C8a_DOX_AnTat.592.rDNA-500-C_TAGGCATG+ACTGCATA_2F_1	200604
./sam_alignments/E4-C8b_DOX_AnTat.592.rDNA_AGGCAGAA+TATCCTCT_1R_1	48
./sam_alignments/E4-C8a_DOX_AnTat.592.rDNA_CTCTCTAC+AAGGAGTA_2R_1	195624
./sam_alignments/E4-C8a_DOX_AnTat.592.Parental_TAAGGCGA+TAGATCGC_4F_2	3
./sam_alignments/E4-C8a_DOX_AnTat.592.rDNA-500-C_TAGGCATG+ACTGCATA_1R_1	11
./sam_alignments/E4-C8a_DOX_AnTat.592.rDNA-100-C_GGACTCCT+GTAAGGAG_3R_1	12
./sam_alignments/E4-C8b_DOX_AnTat.592.rDNA_AGGCAGAA+TATCCTCT_2F_1	136909
./sam_alignments/E4-C8a_DOX_AnTat.592.rDNA_CTCTCTAC+AAGGAGTA_1F_2	0
./sam_alignments/E4-C8b_DOX_AnTat.592.rDNA-500-C_GCACATCG+ACTGATGG_3R_2	0
./sam_alignments/E4-C8a_DOX_AnTat.592.rDNA-500-C_TAGGCATG+ACTGCATA_2F_2	198567
./sam_alignments/E4-C8b_DOX_AnTat.592.rDNA_AGGCAGAA+TATCCTCT_1R_2	0
./sam_alignments/E4-C8a_DOX_AnTat.592.rDNA-100-C_GGACTCCT+GTAAGGAG_1R_1	77
./sam_alignments/E4-C8a_DOX_AnTat.592.rDNA-500-C_TAGGCATG+ACTGCATA_3R_1	11
./sam_alignments/E4-C8b_DOX_AnTat.592.rDNA-500-C_GCACATCG+ACTGATGG_2F_1	120568
./sam_alignments/E4-C8a_DOX_AnTat.592.rDNA_CTCTCTAC+AAGGAGTA_0R_1	3
./sam_alignments/E4-C8b_DOX_AnTat.592.rDNA_AGGCAGAA+TATCCTCT_3R_2	0
./sam_alignments/E4-C8a_DOX_AnTat.592.rDNA-100-C_GGACTCCT+GTAAGGAG_2F_2	207360
./sam_alignments/E4-C8b_DOX_AnTat.592.rDNA-500-C_GCACATCG+ACTGATGG_1R_2	0
./sam_alignments/E4-C8a_DOX_AnTat.592.rDNA_CTCTCTAC+AAGGAGTA_3F_2	112861
./sam_alignments/E4-C8a_DOX_AnTat.592.rDNA-100-C_GGACTCCT+GTAAGGAG_1R_2	0
./sam_alignments/E4-C8a_DOX_AnTat.592.rDNA-500-C_TAGGCATG+ACTGCATA_3R_2	0
./sam_alignments/E4-C8b_DOX_AnTat.592.rDNA-500-C_GCACATCG+ACTGATGG_2F_2	118806
./sam_alignments/E4-C8a_DOX_AnTat.592.rDNA_CTCTCTAC+AAGGAGTA_0R_2	0
./sam_alignments/E4-C8b_DOX_AnTat.592.rDNA_AGGCAGAA+TATCCTCT_3R_1	22
./sam_alignments/E4-C8a_DOX_AnTat.592.rDNA-100-C_GGACTCCT+GTAAGGAG_2F_1	209157
./sam_alignments/E4-C8b_DOX_AnTat.592.rDNA-500-C_GCACATCG+ACTGATGG_1R_1	453
./sam_alignments/E4-C8a_DOX_AnTat.592.rDNA_CTCTCTAC+AAGGAGTA_3F_1	107787
