./sam_alignments/E4-C8_DOX_AnTat.592.300b_CAGAGAGG+CTAAGCCT_2R_1	152401
./sam_alignments/E4-C8_DOX_AnTat.592.200c_AGGCAGAA+TATCCTCT_2R_2	155806
./sam_alignments/E4-C8_DOX_AnTat.592.300b_CAGAGAGG+CTAAGCCT_2R_1	152401
./sam_alignments/E4-C8_DOX_AnTat.592.200c_AGGCAGAA+TATCCTCT_2R_2	155806
./sam_alignments/E4-C8_DOX_AnTat.592.100c_TAAGGCGA+TAGATCGC_4F_2	6
./sam_alignments/E4-C8_DOX_AnTat.592.200b_CTCTCTAC+AAGGAGTA_1R_1	930
./sam_alignments/E4-C8_DOX_AnTat.592.100b_TAGGCATG+ACTGCATA_3R_2	0
./sam_alignments/E4-C8_DOX_AnTat.592.300c_TCCTGAGC+AGAGTAGA_3R_1	18
./sam_alignments/E4-C8_DOX_AnTat.592.400b_ACCGTGAT+GACATTGT_4F_1	56
./sam_alignments/E4-C8_DOX_AnTat.592.300b_CAGAGAGG+CTAAGCCT_1F_2	0
./sam_alignments/E4-C8_DOX_AnTat.592.200c_AGGCAGAA+TATCCTCT_1F_1	38352
./sam_alignments/E4-C8_DOX_AnTat.592.200b_CTCTCTAC+AAGGAGTA_2F_2	183129
./sam_alignments/E4-C8_DOX_AnTat.592.300b_CAGAGAGG+CTAAGCCT_2R_2	151709
./sam_alignments/E4-C8_DOX_AnTat.592.200c_AGGCAGAA+TATCCTCT_2R_1	156992
./sam_alignments/E4-C8_DOX_AnTat.592.100c_TAAGGCGA+TAGATCGC_4F_1	46
./sam_alignments/E4-C8_DOX_AnTat.592.100b_TAGGCATG+ACTGCATA_3R_1	17
./sam_alignments/E4-C8_DOX_AnTat.592.200b_CTCTCTAC+AAGGAGTA_1R_2	0
./sam_alignments/E4-C8_DOX_AnTat.592.400b_ACCGTGAT+GACATTGT_4F_2	2
./sam_alignments/E4-C8_DOX_AnTat.592.300c_TCCTGAGC+AGAGTAGA_3R_2	0
./sam_alignments/E4-C8_DOX_AnTat.592.300b_CAGAGAGG+CTAAGCCT_1F_1	34513
./sam_alignments/E4-C8_DOX_AnTat.592.200c_AGGCAGAA+TATCCTCT_1F_2	0
./sam_alignments/E4-C8_DOX_AnTat.592.200b_CTCTCTAC+AAGGAGTA_2F_1	184125
./sam_alignments/E4-C8_DOX_AnTat.592.400c_GGACTCCT+GTAAGGAG_4F_2	3
./sam_alignments/E4-C8_DOX_AnTat.592.100b_TAGGCATG+ACTGCATA_1R_1	841
./sam_alignments/E4-C8_DOX_AnTat.592.200b_CTCTCTAC+AAGGAGTA_3R_2	0
./sam_alignments/E4-C8_DOX_AnTat.592.200c_AGGCAGAA+TATCCTCT_0R_1	11
./sam_alignments/E4-C8_DOX_AnTat.592.300b_CAGAGAGG+CTAAGCCT_0R_2	0
./sam_alignments/E4-C8_DOX_AnTat.592.300c_TCCTGAGC+AGAGTAGA_2F_1	167873
./sam_alignments/E4-C8_DOX_AnTat.592.100b_TAGGCATG+ACTGCATA_2F_2	168134
./sam_alignments/E4-C8_DOX_AnTat.592.300c_TCCTGAGC+AGAGTAGA_1R_2	0
./sam_alignments/E4-C8_DOX_AnTat.592.200c_AGGCAGAA+TATCCTCT_3F_2	131107
./sam_alignments/E4-C8_DOX_AnTat.592.300b_CAGAGAGG+CTAAGCCT_3F_1	109034
./sam_alignments/E4-C8_DOX_AnTat.592.400c_GGACTCCT+GTAAGGAG_4F_1	39
./sam_alignments/E4-C8_DOX_AnTat.592.200b_CTCTCTAC+AAGGAGTA_3R_1	31
./sam_alignments/E4-C8_DOX_AnTat.592.100b_TAGGCATG+ACTGCATA_1R_2	0
./sam_alignments/E4-C8_DOX_AnTat.592.200c_AGGCAGAA+TATCCTCT_0R_2	0
./sam_alignments/E4-C8_DOX_AnTat.592.300b_CAGAGAGG+CTAAGCCT_0R_1	10
./sam_alignments/E4-C8_DOX_AnTat.592.300c_TCCTGAGC+AGAGTAGA_2F_2	167189
./sam_alignments/E4-C8_DOX_AnTat.592.100b_TAGGCATG+ACTGCATA_2F_1	168803
./sam_alignments/E4-C8_DOX_AnTat.592.300c_TCCTGAGC+AGAGTAGA_1R_1	567
./sam_alignments/E4-C8_DOX_AnTat.592.200c_AGGCAGAA+TATCCTCT_3F_1	125325
./sam_alignments/E4-C8_DOX_AnTat.592.300b_CAGAGAGG+CTAAGCCT_3F_2	116171
./sam_alignments/E4-C8_DOX_AnTat.592.400b_ACCGTGAT+GACATTGT_2F_2	182162
./sam_alignments/E4-C8_DOX_AnTat.592.400c_GGACTCCT+GTAAGGAG_3R_1	16
./sam_alignments/E4-C8_DOX_AnTat.592.200b_CTCTCTAC+AAGGAGTA_4F_1	41
./sam_alignments/E4-C8_DOX_AnTat.592.100c_TAAGGCGA+TAGATCGC_1R_2	0
./sam_alignments/E4-C8_DOX_AnTat.592.400b_ACCGTGAT+GACATTGT_1R_1	912
./sam_alignments/E4-C8_DOX_AnTat.592.100c_TAAGGCGA+TAGATCGC_2F_1	166059
./sam_alignments/E4-C8_DOX_AnTat.592.400b_ACCGTGAT+GACATTGT_2F_1	182968
./sam_alignments/E4-C8_DOX_AnTat.592.400c_GGACTCCT+GTAAGGAG_3R_2	0
./sam_alignments/E4-C8_DOX_AnTat.592.200b_CTCTCTAC+AAGGAGTA_4F_2	5
./sam_alignments/E4-C8_DOX_AnTat.592.100c_TAAGGCGA+TAGATCGC_1R_1	545
./sam_alignments/E4-C8_DOX_AnTat.592.400b_ACCGTGAT+GACATTGT_1R_2	0
./sam_alignments/E4-C8_DOX_AnTat.592.100c_TAAGGCGA+TAGATCGC_2F_2	165135
./sam_alignments/E4-C8_DOX_AnTat.592.100c_TAAGGCGA+TAGATCGC_3R_1	14
./sam_alignments/E4-C8_DOX_AnTat.592.400c_GGACTCCT+GTAAGGAG_1R_2	0
./sam_alignments/E4-C8_DOX_AnTat.592.100b_TAGGCATG+ACTGCATA_4F_1	40
./sam_alignments/E4-C8_DOX_AnTat.592.400c_GGACTCCT+GTAAGGAG_2F_1	193078
./sam_alignments/E4-C8_DOX_AnTat.592.300c_TCCTGAGC+AGAGTAGA_4F_2	7
./sam_alignments/E4-C8_DOX_AnTat.592.400b_ACCGTGAT+GACATTGT_3R_2	0
./sam_alignments/E4-C8_DOX_AnTat.592.100c_TAAGGCGA+TAGATCGC_3R_2	0
./sam_alignments/E4-C8_DOX_AnTat.592.400c_GGACTCCT+GTAAGGAG_1R_1	1037
./sam_alignments/E4-C8_DOX_AnTat.592.100b_TAGGCATG+ACTGCATA_4F_2	3
./sam_alignments/E4-C8_DOX_AnTat.592.400c_GGACTCCT+GTAAGGAG_2F_2	192391
./sam_alignments/E4-C8_DOX_AnTat.592.400b_ACCGTGAT+GACATTGT_3R_1	19
./sam_alignments/E4-C8_DOX_AnTat.592.300c_TCCTGAGC+AGAGTAGA_4F_1	54
./sam_alignments/E4-C8_DOX_AnTat.592.300c_TCCTGAGC+AGAGTAGA_2R_2	139599
./sam_alignments/E4-C8_DOX_AnTat.592.200b_CTCTCTAC+AAGGAGTA_3F_1	127523
./sam_alignments/E4-C8_DOX_AnTat.592.100b_TAGGCATG+ACTGCATA_1F_2	0
./sam_alignments/E4-C8_DOX_AnTat.592.300c_TCCTGAGC+AGAGTAGA_1F_1	41783
./sam_alignments/E4-C8_DOX_AnTat.592.300b_CAGAGAGG+CTAAGCCT_3R_2	0
./sam_alignments/E4-C8_DOX_AnTat.592.200c_AGGCAGAA+TATCCTCT_3R_1	19
./sam_alignments/E4-C8_DOX_AnTat.592.200b_CTCTCTAC+AAGGAGTA_0R_2	0
./sam_alignments/E4-C8_DOX_AnTat.592.100b_TAGGCATG+ACTGCATA_2R_1	166294
./sam_alignments/E4-C8_DOX_AnTat.592.300c_TCCTGAGC+AGAGTAGA_2R_1	140409
./sam_alignments/E4-C8_DOX_AnTat.592.100b_TAGGCATG+ACTGCATA_1F_1	39599
./sam_alignments/E4-C8_DOX_AnTat.592.200b_CTCTCTAC+AAGGAGTA_3F_2	134921
./sam_alignments/E4-C8_DOX_AnTat.592.300c_TCCTGAGC+AGAGTAGA_1F_2	0
./sam_alignments/E4-C8_DOX_AnTat.592.300b_CAGAGAGG+CTAAGCCT_3R_1	24
./sam_alignments/E4-C8_DOX_AnTat.592.200c_AGGCAGAA+TATCCTCT_3R_2	0
./sam_alignments/E4-C8_DOX_AnTat.592.100b_TAGGCATG+ACTGCATA_2R_2	165467
./sam_alignments/E4-C8_DOX_AnTat.592.200b_CTCTCTAC+AAGGAGTA_0R_1	10
./sam_alignments/E4-C8_DOX_AnTat.592.100b_TAGGCATG+ACTGCATA_3F_1	113259
./sam_alignments/E4-C8_DOX_AnTat.592.200b_CTCTCTAC+AAGGAGTA_1F_2	0
./sam_alignments/E4-C8_DOX_AnTat.592.200c_AGGCAGAA+TATCCTCT_2F_1	190483
./sam_alignments/E4-C8_DOX_AnTat.592.300b_CAGAGAGG+CTAAGCCT_2F_2	167630
./sam_alignments/E4-C8_DOX_AnTat.592.300c_TCCTGAGC+AGAGTAGA_0R_1	5
./sam_alignments/E4-C8_DOX_AnTat.592.100b_TAGGCATG+ACTGCATA_0R_2	0
./sam_alignments/E4-C8_DOX_AnTat.592.200b_CTCTCTAC+AAGGAGTA_2R_1	157486
./sam_alignments/E4-C8_DOX_AnTat.592.300c_TCCTGAGC+AGAGTAGA_3F_2	121509
./sam_alignments/E4-C8_DOX_AnTat.592.200c_AGGCAGAA+TATCCTCT_1R_2	0
./sam_alignments/E4-C8_DOX_AnTat.592.300b_CAGAGAGG+CTAAGCCT_1R_1	1249
./sam_alignments/E4-C8_DOX_AnTat.592.200b_CTCTCTAC+AAGGAGTA_1F_1	28062
./sam_alignments/E4-C8_DOX_AnTat.592.100b_TAGGCATG+ACTGCATA_3F_2	120671
./sam_alignments/E4-C8_DOX_AnTat.592.200c_AGGCAGAA+TATCCTCT_2F_2	189303
./sam_alignments/E4-C8_DOX_AnTat.592.300b_CAGAGAGG+CTAAGCCT_2F_1	168427
./sam_alignments/E4-C8_DOX_AnTat.592.300c_TCCTGAGC+AGAGTAGA_0R_2	0
./sam_alignments/E4-C8_DOX_AnTat.592.200b_CTCTCTAC+AAGGAGTA_2R_2	156900
./sam_alignments/E4-C8_DOX_AnTat.592.100b_TAGGCATG+ACTGCATA_0R_1	10
./sam_alignments/E4-C8_DOX_AnTat.592.300c_TCCTGAGC+AGAGTAGA_3F_1	113994
./sam_alignments/E4-C8_DOX_AnTat.592.200c_AGGCAGAA+TATCCTCT_1R_1	681
./sam_alignments/E4-C8_DOX_AnTat.592.300b_CAGAGAGG+CTAAGCCT_1R_2	0
./sam_alignments/E4-C8_DOX_AnTat.592.400b_ACCGTGAT+GACATTGT_0R_2	0
./sam_alignments/E4-C8_DOX_AnTat.592.100c_TAAGGCGA+TAGATCGC_3F_2	107882
./sam_alignments/E4-C8_DOX_AnTat.592.400c_GGACTCCT+GTAAGGAG_1F_1	42541
./sam_alignments/E4-C8_DOX_AnTat.592.400b_ACCGTGAT+GACATTGT_3F_1	123407
./sam_alignments/E4-C8_DOX_AnTat.592.100c_TAAGGCGA+TAGATCGC_0R_1	4
./sam_alignments/E4-C8_DOX_AnTat.592.400c_GGACTCCT+GTAAGGAG_2R_2	161873
./sam_alignments/E4-C8_DOX_AnTat.592.400b_ACCGTGAT+GACATTGT_0R_1	16
./sam_alignments/E4-C8_DOX_AnTat.592.100c_TAAGGCGA+TAGATCGC_3F_1	101580
./sam_alignments/E4-C8_DOX_AnTat.592.400c_GGACTCCT+GTAAGGAG_1F_2	0
./sam_alignments/E4-C8_DOX_AnTat.592.400b_ACCGTGAT+GACATTGT_3F_2	131308
./sam_alignments/E4-C8_DOX_AnTat.592.100c_TAAGGCGA+TAGATCGC_0R_2	0
./sam_alignments/E4-C8_DOX_AnTat.592.400c_GGACTCCT+GTAAGGAG_2R_1	162625
./sam_alignments/E4-C8_DOX_AnTat.592.400c_GGACTCCT+GTAAGGAG_3F_2	131786
./sam_alignments/E4-C8_DOX_AnTat.592.100c_TAAGGCGA+TAGATCGC_1F_1	37355
./sam_alignments/E4-C8_DOX_AnTat.592.400b_ACCGTGAT+GACATTGT_2R_1	173925
./sam_alignments/E4-C8_DOX_AnTat.592.400c_GGACTCCT+GTAAGGAG_0R_1	5
./sam_alignments/E4-C8_DOX_AnTat.592.100c_TAAGGCGA+TAGATCGC_2R_2	145664
./sam_alignments/E4-C8_DOX_AnTat.592.400b_ACCGTGAT+GACATTGT_1F_2	0
./sam_alignments/E4-C8_DOX_AnTat.592.300b_CAGAGAGG+CTAAGCCT_4F_1	37
./sam_alignments/E4-C8_DOX_AnTat.592.200c_AGGCAGAA+TATCCTCT_4F_2	6
./sam_alignments/E4-C8_DOX_AnTat.592.400c_GGACTCCT+GTAAGGAG_3F_1	122328
./sam_alignments/E4-C8_DOX_AnTat.592.100c_TAAGGCGA+TAGATCGC_1F_2	0
./sam_alignments/E4-C8_DOX_AnTat.592.400b_ACCGTGAT+GACATTGT_2R_2	173030
./sam_alignments/E4-C8_DOX_AnTat.592.400c_GGACTCCT+GTAAGGAG_0R_2	0
./sam_alignments/E4-C8_DOX_AnTat.592.100c_TAAGGCGA+TAGATCGC_2R_1	146563
./sam_alignments/E4-C8_DOX_AnTat.592.400b_ACCGTGAT+GACATTGT_1F_1	41046
./sam_alignments/E4-C8_DOX_AnTat.592.300b_CAGAGAGG+CTAAGCCT_4F_2	4
./sam_alignments/E4-C8_DOX_AnTat.592.200c_AGGCAGAA+TATCCTCT_4F_1	40
