M1, D1, geno, primer, dir, 0, VSG-228, 0, 34, 59, recomb_site, GAAACAGAAGCCAAAGAGGGAGAGC
M1, D1, geno, primer, dir, 1, VSG-228, 0, 60, 68, recomb_site, ACTCATTT
M1, D1, geno, primer, dir, 2, VSG-228, 0, 69, 77, recomb_site, CACCCCTA
M1, D1, geno, primer, dir, 3, VSG-228, 0, 84, 92, recomb_site, CAATGGTC
M1, D1, geno, primer, dir, 4, VSG-228, 0, 106, 118, recomb_site, CGCAGCATTAAA
M1, D1, geno, primer, dir, 5, VSG-228, 0, 122, 135, recomb_site, GTAATGTTAGTCG
M1, D1, geno, primer, dir, 6, VSG-228, 0, 140, 156, recomb_site, GCACTGACACTACACC
M1, D1, geno, primer, dir, 7, VSG-228, 0, 157, 201, recomb_site, ACAACAAGCTCTAGCTCAGACCGCTGGTAGGCCCCTTGCAGATG
M1, D1, geno, primer, dir, 8, VSG-228, 0, 202, 207, recomb_site, GGTAG
M1, D1, geno, primer, dir, 8, VSG-228, 0, 221, 232, recomb_site, ACTTATTCAAA
M1, D1, geno, primer, dir, 9, VSG-228, 0, 236, 244, recomb_site, GCCAAACG
M1, D1, geno, primer, dir, 10, VSG-228, 0, 245, 259, recomb_site, CAGGCAGCAAACCT
M1, D1, geno, primer, dir, 11, VSG-228, 0, 285, 295, recomb_site, CAGCAGCAAA
M1, D1, geno, primer, dir, 12, VSG-228, 0, 304, 323, recomb_site, ACAAGCGCAGCAGTTAGCG
M1, D1, geno, primer, dir, 13, VSG-228, 0, 327, 337, recomb_site, TAGCACTGGC
M1, D1, geno, primer, dir, 14, VSG-228, 0, 338, 343, recomb_site, AAACT
M1, D1, geno, primer, dir, 14, VSG-228, 0, 348, 354, recomb_site, ACTACA
M1, D1, geno, primer, dir, 14, VSG-228, 0, 355, 364, recomb_site, AGAAGCAGC
M1, D1, geno, primer, dir, 15, VSG-228, 0, 365, 370, recomb_site, GCGAC
M1, D1, geno, primer, dir, 15, VSG-228, 0, 377, 387, recomb_site, ATTTACGCCA
M1, D1, geno, primer, dir, 16, VSG-228, 0, 390, 396, recomb_site, ACAAAA
M1, D1, geno, primer, dir, 16, VSG-228, 0, 415, 429, recomb_site, CATCGAAAACTGGA
M1, D1, geno, primer, dir, 17, VSG-228, 0, 455, 460, recomb_site, CAGGC
M1, D1, geno, primer, dir, 17, VSG-228, 0, 461, 475, recomb_site, ATGTATTCCTCAGG
M1, D1, geno, primer, dir, 18, VSG-228, 0, 476, 487, recomb_site, AGAATCGACGA
M1, D1, geno, primer, dir, 19, VSG-228, 0, 488, 497, recomb_site, CTGATGTTG
M1, D1, geno, primer, dir, 20, VSG-228, 0, 500, 508, recomb_site, CTAGAAGG
M1, D1, geno, primer, dir, 21, VSG-228, 0, 538, 556, recomb_site, CAAAACTTGCCTAGGCGC
M1, D1, geno, primer, dir, 22, VSG-228, 0, 565, 571, recomb_site, CGGCAA
M1, D1, geno, primer, dir, 22, VSG-228, 0, 572, 578, recomb_site, ACAGTA
M1, D1, geno, primer, dir, 22, VSG-228, 0, 579, 598, recomb_site, ATGAATTCGTCAAAACAGA
M1, D1, geno, primer, dir, 23, VSG-228, 0, 599, 611, recomb_site, TGCGACACGGAA
M1, D1, geno, primer, dir, 24, VSG-228, 0, 616, 626, recomb_site, CCACAACATC
M1, D1, geno, primer, dir, 25, VSG-228, 0, 642, 648, recomb_site, ACATAG
M1, D1, geno, primer, dir, 25, VSG-228, 0, 650, 659, recomb_site, CAAGCGGCA
M1, D1, geno, primer, dir, 26, VSG-228, 0, 665, 673, recomb_site, CTAAGCCA
M1, D1, geno, primer, dir, 27, VSG-228, 0, 682, 688, recomb_site, AGACCC
M1, D1, geno, primer, dir, 27, VSG-228, 0, 689, 694, recomb_site, GAAGC
M1, D1, geno, primer, dir, 27, VSG-228, 0, 709, 715, recomb_site, CTGCAA
M1, D1, geno, primer, dir, 27, VSG-228, 0, 725, 735, recomb_site, AACCTTGCCA
M1, D1, geno, primer, dir, 28, VSG-228, 0, 737, 748, recomb_site, GACTACGACAG
M1, D1, geno, primer, dir, 29, VSG-228, 0, 755, 760, recomb_site, AATGA
M1, D1, geno, primer, dir, 29, VSG-228, 0, 773, 778, recomb_site, GGCGG
M1, D1, geno, primer, dir, 29, VSG-228, 0, 779, 787, recomb_site, CTGCTAAC
M1, D1, geno, primer, dir, 30, VSG-228, 0, 788, 796, recomb_site, ATACACAA
M1, D1, geno, primer, dir, 31, VSG-228, 0, 800, 808, recomb_site, GGCGGCTT
M1, D1, geno, primer, dir, 32, VSG-228, 0, 828, 835, recomb_site, AAACCGC
M1, D1, geno, primer, dir, 32, VSG-228, 0, 844, 850, recomb_site, CAACAA
M1, D1, geno, primer, dir, 32, VSG-228, 0, 851, 862, recomb_site, CTAATCAGCGC
M1, D1, geno, primer, dir, 33, VSG-228, 0, 890, 895, recomb_site, GCTAA
M1, D1, geno, primer, dir, 33, VSG-228, 0, 917, 922, recomb_site, GCACC
M1, D1, geno, primer, dir, 33, VSG-228, 0, 935, 943, recomb_site, GAACTCAA
M1, D1, geno, primer, dir, 34, VSG-228, 0, 944, 954, recomb_site, ACACTACTGG
M1, D1, geno, primer, dir, 35, VSG-228, 0, 959, 964, recomb_site, AAAGG
M1, D1, geno, primer, dir, 35, VSG-228, 0, 981, 1000, recomb_site, AAGCAGCCAACGACGAGTA
M1, D1, geno, primer, dir, 36, VSG-228, 0, 1022, 1029, recomb_site, AAGCCTG
M1, D1, geno, primer, dir, 36, VSG-228, 0, 1032, 1041, recomb_site, ACTTCGACG
M1, D1, geno, primer, dir, 37, VSG-228, 0, 1043, 1051, recomb_site, CACATCAA
M1, D1, geno, primer, dir, 38, VSG-228, 0, 1052, 1066, recomb_site, AAAGTGTTCGGCGC
M1, D1, geno, primer, dir, 39, VSG-228, 0, 1067, 1094, recomb_site, GAAGACGGCAAAGACAGCGCCTATGCC
M1, D1, geno, primer, dir, 40, VSG-228, 0, 1095, 1108, recomb_site, TTGCACTTGAAGG
M1, D1, geno, primer, dir, 41, VSG-228, 0, 1109, 1120, recomb_site, ATATCCATTGA
M1, D1, geno, primer, dir, 42, VSG-228, 0, 1121, 1126, recomb_site, GTTCC
M1, D1, geno, primer, dir, 42, VSG-228, 0, 1150, 1204, recomb_site, CAAACAACTCTATTCCATGCAGCCAAAAGACCTAATGGCAGCTTTAATAGGAAC
M1, D1, geno, primer, dir, 43, VSG-228, 0, 1205, 1214, recomb_site, ATAGCAGAA
M1, D1, geno, primer, dir, 44, VSG-228, 0, 1222, 1231, recomb_site, AGCCGCAGC
M1, D1, geno, primer, dir, 45, VSG-228, 0, 1242, 1250, recomb_site, CATGCCCA
M1, D1, geno, primer, dir, 46, VSG-228, 0, 1253, 1260, recomb_site, CATAAAC
M1, D1, geno, primer, dir, 46, VSG-228, 0, 1271, 1329, recomb_site, GAAAGTGACGCCCTATGCAGTAAAATAAAGGATGCAAACGAATGCAACAGCAAGCCTT
M1, D1, geno, primer, dir, 47, VSG-228, 0, 1330, 1343, recomb_site, CTGCAGTTATAAC
M1, D1, geno, primer, dir, 48, VSG-228, 0, 1364, 1387, recomb_site, AAAAAGTGCCAATTTAATGAAAC
M1, D1, geno, primer, dir, 49, VSG-228, 0, 1402, 1408, recomb_site, TGGAGT
M1, D1, geno, primer, dir, 49, VSG-228, 0, 1481, 1489, recomb_site, TGCAAATC
M1, D1, geno, primer, dir, 50, VSG-228, 0, 1490, 1546, recomb_site, CCGAATTGTAAATGGGAGGGCGAAACTTGCAAAGATTCCTCTATTCTAGTAAACAA
M1, D1, geno, primer, dir, 51, VSG-228, 0, 1548, 1562, recomb_site, AATTCGCCCTCAGC
M1, D1, geno, primer, dir, 52, VSG-228, 0, 1563, 1573, recomb_site, TGGTTTCTGC
M1, D1, geno, primer, dir, 53, VSG-2986, 0, 34, 68, recomb_site, GAAACAGAAGCCAAAGAGGGAGAGCCACTCATTT
M1, D1, geno, primer, dir, 54, VSG-2986, 0, 69, 83, recomb_site, CACCCCTAATACTG
M1, D1, geno, primer, dir, 55, VSG-2986, 0, 84, 92, recomb_site, CAATGGTC
M1, D1, geno, primer, dir, 56, VSG-2986, 0, 93, 101, recomb_site, CCAAGGAG
M1, D1, geno, primer, dir, 57, VSG-2986, 0, 109, 121, recomb_site, AGCATTAAAAAT
M1, D1, geno, primer, dir, 58, VSG-2986, 0, 122, 128, recomb_site, GTAATG
M1, D1, geno, primer, dir, 58, VSG-2986, 0, 129, 155, recomb_site, TAGTCGCTTCAGCACTGACACTACAC
M1, D1, geno, primer, dir, 59, VSG-2986, 0, 156, 178, recomb_site, CACAACAAGCTCTAGCTCAGAC
M1, D1, geno, primer, dir, 60, VSG-2986, 0, 179, 205, recomb_site, GCTGGTAGGCCCCTTGCAGATGTGGT
M1, D1, geno, primer, dir, 61, VSG-2986, 0, 213, 238, recomb_site, CTCTATGTACTTATTCAAAAACGGC
M1, D1, geno, primer, dir, 62, VSG-2986, 0, 239, 244, recomb_site, AAACG
M1, D1, geno, primer, dir, 62, VSG-2986, 0, 285, 296, recomb_site, CAGCAGCAAAG
M1, D1, geno, primer, dir, 63, VSG-2986, 0, 305, 310, recomb_site, CAAGC
M1, D1, geno, primer, dir, 63, VSG-2986, 0, 316, 322, recomb_site, GTTAGC
M1, D1, geno, primer, dir, 63, VSG-2986, 0, 332, 340, recomb_site, CTGGCCAA
M1, D1, geno, primer, dir, 64, VSG-2986, 0, 344, 352, recomb_site, CCAGACTA
M1, D1, geno, primer, dir, 65, VSG-2986, 0, 361, 366, recomb_site, AGCCG
M1, D1, geno, primer, dir, 65, VSG-2986, 0, 371, 384, recomb_site, CTGTTAATTTACG
M1, D1, geno, primer, dir, 66, VSG-2986, 0, 407, 412, recomb_site, CAAGC
M1, D1, geno, primer, dir, 66, VSG-2986, 0, 413, 436, recomb_site, AGCATCGAAAACTGGACAGGAGA
M1, D1, geno, primer, dir, 67, VSG-2986, 0, 455, 475, recomb_site, CAGGCGATGTATTCCTCAGG
M1, D1, geno, primer, dir, 68, VSG-2986, 0, 482, 487, recomb_site, GACGA
M1, D1, geno, primer, dir, 68, VSG-2986, 0, 488, 499, recomb_site, CTGATGTTGCT
M1, D1, geno, primer, dir, 69, VSG-2986, 0, 500, 514, recomb_site, CTAGAAGGGCACCG
M1, D1, geno, primer, dir, 70, VSG-2986, 0, 515, 521, recomb_site, GAGGAC
M1, D1, geno, primer, dir, 70, VSG-2986, 0, 524, 532, recomb_site, GCGAACGG
M1, D1, geno, primer, dir, 71, VSG-2986, 0, 536, 544, recomb_site, GACAAAAC
M1, D1, geno, primer, dir, 72, VSG-2986, 0, 545, 556, recomb_site, TGCCTAGGCGC
M1, D1, geno, primer, dir, 73, VSG-2986, 0, 572, 577, recomb_site, ACAGT
M1, D1, geno, primer, dir, 73, VSG-2986, 0, 580, 594, recomb_site, TGAATTCGTCAAAA
M1, D1, geno, primer, dir, 74, VSG-2986, 0, 599, 604, recomb_site, TGCGA
M1, D1, geno, primer, dir, 74, VSG-2986, 0, 605, 612, recomb_site, ACGGAAA
M1, D1, geno, primer, dir, 74, VSG-2986, 0, 621, 626, recomb_site, ACATC
M1, D1, geno, primer, dir, 74, VSG-2986, 0, 632, 641, recomb_site, GACAACTCA
M1, D1, geno, primer, dir, 75, VSG-2986, 0, 642, 649, recomb_site, ACATAGG
M1, D1, geno, primer, dir, 75, VSG-2986, 0, 650, 658, recomb_site, CAAGCGGC
M1, D1, geno, primer, dir, 76, VSG-2986, 0, 664, 675, recomb_site, TCTAAGCCAAG
M1, D1, geno, primer, dir, 77, VSG-2986, 0, 680, 686, recomb_site, ACAGAC
M1, D1, geno, primer, dir, 77, VSG-2986, 0, 709, 735, recomb_site, CTGCAAAATAACAGCAAACCTTGCCA
M1, D1, geno, primer, dir, 78, VSG-2986, 0, 737, 748, recomb_site, GACTACGACAG
M1, D1, geno, primer, dir, 79, VSG-2986, 0, 749, 760, recomb_site, CATGCGAATGA
M1, D1, geno, primer, dir, 80, VSG-2986, 0, 765, 778, recomb_site, CGCTACTCGGCGG
M1, D1, geno, primer, dir, 81, VSG-2986, 0, 779, 786, recomb_site, CTGCTAA
M1, D1, geno, primer, dir, 81, VSG-2986, 0, 787, 796, recomb_site, CATACACAA
M1, D1, geno, primer, dir, 82, VSG-2986, 0, 803, 808, recomb_site, GGCTT
M1, D1, geno, primer, dir, 82, VSG-2986, 0, 828, 839, recomb_site, AAACCGCAGCA
M1, D1, geno, primer, dir, 83, VSG-2986, 0, 845, 862, recomb_site, AACAAGCTAATCAGCGC
M1, D1, geno, primer, dir, 84, VSG-2986, 0, 863, 874, recomb_site, CTCAAAAATAA
M1, D1, geno, primer, dir, 85, VSG-2986, 0, 905, 910, recomb_site, GTAAC
M1, D1, geno, primer, dir, 85, VSG-2986, 0, 912, 927, recomb_site, CGGCAGCACCTACAA
M1, D1, geno, primer, dir, 86, VSG-2986, 0, 932, 937, recomb_site, CAGGA
M1, D1, geno, primer, dir, 86, VSG-2986, 0, 944, 967, recomb_site, ACACTACTGGCTTCGAAAGGGGA
M1, D1, geno, primer, dir, 87, VSG-2986, 0, 974, 1029, recomb_site, AAACTCCAAGCAGCCAACGACGAGTATAATAACTGGAAACCAGGCGCCAAGCCTG
M1, D1, geno, primer, dir, 88, VSG-2986, 0, 1030, 1039, recomb_site, GGACTTCGA
M1, D1, geno, primer, dir, 89, VSG-2986, 0, 1040, 1075, recomb_site, GCCCACATCAAGAAAGTGTTCGGCGCAGAAGACGG
M1, D1, geno, primer, dir, 90, VSG-2986, 0, 1076, 1108, recomb_site, AAAGACAGCGCCTATGCCATTGCACTTGAAGG
M1, D1, geno, primer, dir, 91, VSG-2986, 0, 1109, 1128, recomb_site, ATATCCATTGAGGTTCCCC
M1, D1, geno, primer, dir, 92, VSG-2986, 0, 1129, 1134, recomb_site, CGGAG
M1, D1, geno, primer, dir, 92, VSG-2986, 0, 1140, 1145, recomb_site, AAACA
M1, D1, geno, primer, dir, 92, VSG-2986, 0, 1150, 1159, recomb_site, CAAACAACT
M1, D1, geno, primer, dir, 93, VSG-2986, 0, 1160, 1179, recomb_site, TATTCCATGCAGCCAAAAG
M1, D1, geno, primer, dir, 94, VSG-2986, 0, 1180, 1194, recomb_site, CCTAATGGCAGCTT
M1, D1, geno, primer, dir, 95, VSG-2986, 0, 1195, 1204, recomb_site, AATAGGAAC
M1, D1, geno, primer, dir, 96, VSG-2986, 0, 1205, 1216, recomb_site, ATAGCAGAACT
M1, D1, geno, primer, dir, 97, VSG-2986, 0, 1217, 1231, recomb_site, CAAACAGCCGCAGC
M1, D1, geno, primer, dir, 98, VSG-2986, 0, 1253, 1270, recomb_site, CATAAACAAACAACCAC
M1, D1, geno, primer, dir, 99, VSG-2986, 0, 1271, 1282, recomb_site, GAAAGTGACGC
M1, D1, geno, primer, dir, 100, VSG-2986, 0, 1284, 1297, recomb_site, TATGCAGTAAAAT
M1, D1, geno, primer, dir, 101, VSG-2986, 0, 1298, 1303, recomb_site, AAGGA
M1, D1, geno, primer, dir, 101, VSG-2986, 0, 1304, 1310, recomb_site, GCAAAC
M1, D1, geno, primer, dir, 101, VSG-2986, 0, 1311, 1317, recomb_site, AATGCA
M1, D1, geno, primer, dir, 101, VSG-2986, 0, 1318, 1329, recomb_site, CAGCAAGCCTT
M1, D1, geno, primer, dir, 102, VSG-2986, 0, 1330, 1344, recomb_site, CTGCAGTTATAACG
M1, D1, geno, primer, dir, 103, VSG-2986, 0, 1364, 1369, recomb_site, AAAAA
M1, D1, geno, primer, dir, 103, VSG-2986, 0, 1374, 1383, recomb_site, AATTTAATG
M1, D1, geno, primer, dir, 104, VSG-2986, 0, 1385, 1390, recomb_site, ACAAA
M1, D1, geno, primer, dir, 104, VSG-2986, 0, 1410, 1417, recomb_site, CTGTAAC
M1, D1, geno, primer, dir, 104, VSG-2986, 0, 1423, 1429, recomb_site, TCAAAC
M1, D1, geno, primer, dir, 104, VSG-2986, 0, 1457, 1465, recomb_site, TGCAAAGG
M1, D1, geno, primer, dir, 105, VSG-2986, 0, 1478, 1489, recomb_site, GACTGCAAATC
M1, D1, geno, primer, dir, 106, VSG-3110, 0, 208, 262, recomb_site, CAAAACTCTATGTACTTATTCAAAAACGGCCAAACGCCAGGCAGCAAACCTGGC
M1, D1, geno, primer, dir, 107, VSG-3110, 0, 263, 272, recomb_site, CAAACACTA
M1, D1, geno, primer, dir, 108, VSG-3110, 0, 273, 331, recomb_site, AACGAGCCAGCTCAGCAGCAAAGCAATCCAGACAAGCGCAGCAGTTAGCGGCTTTAGC
M1, D1, geno, primer, dir, 109, VSG-3110, 0, 332, 337, recomb_site, CTGGC
M1, D1, geno, primer, dir, 109, VSG-3110, 0, 338, 343, recomb_site, AAACT
M1, D1, geno, primer, dir, 109, VSG-3110, 0, 344, 349, recomb_site, CCAGA
M1, D1, geno, primer, dir, 109, VSG-3110, 0, 350, 370, recomb_site, TACAAAGAAGCAGCCGCGAC
M1, D1, geno, primer, dir, 110, VSG-3110, 0, 371, 384, recomb_site, CTGTTAATTTACG
M1, D1, geno, primer, dir, 111, VSG-3110, 0, 407, 412, recomb_site, CAAGC
M1, D1, geno, primer, dir, 111, VSG-3110, 0, 413, 439, recomb_site, AGCATCGAAAACTGGACAGGAGAGAA
M1, D1, geno, primer, dir, 112, VSG-3110, 0, 446, 451, recomb_site, CTAGT
M1, D1, geno, primer, dir, 112, VSG-3110, 0, 455, 475, recomb_site, CAGGCGATGTATTCCTCAGG
M1, D1, geno, primer, dir, 113, VSG-3110, 0, 482, 487, recomb_site, GACGA
M1, D1, geno, primer, dir, 113, VSG-3110, 0, 488, 499, recomb_site, CTGATGTTGCT
M1, D1, geno, primer, dir, 114, VSG-3110, 0, 500, 514, recomb_site, CTAGAAGGGCACCG
M1, D1, geno, primer, dir, 115, VSG-3110, 0, 515, 523, recomb_site, GAGGACGG
M1, D1, geno, primer, dir, 116, VSG-3110, 0, 535, 546, recomb_site, GGACAAAACTT
M1, D1, geno, primer, dir, 117, VSG-3110, 0, 547, 611, recomb_site, CCTAGGCGCGGCCGCCGGCGGCAATACAGTAAATGAATTCGTCAAAACAGAATGCGACACGGAA
M1, D1, geno, primer, dir, 118, VSG-3110, 0, 616, 658, recomb_site, CCACAACATCGAGGCAGACAACTCAAACATAGGGCAAGCGGC
M1, D1, geno, primer, dir, 119, VSG-3110, 0, 659, 691, recomb_site, ACGACTCTAAGCCAAGAAAGTACAGACCCAGA
M1, D1, geno, primer, dir, 120, VSG-3110, 0, 725, 733, recomb_site, AACCTTGC
M1, D1, geno, primer, dir, 121, VSG-3110, 0, 737, 760, recomb_site, GACTACGACAGCCATGCGAATGA
M1, D1, geno, primer, dir, 122, VSG-3110, 0, 762, 778, recomb_site, TACCGCTACTCGGCGG
M1, D1, geno, primer, dir, 123, VSG-3110, 0, 779, 796, recomb_site, CTGCTAACCATACACAA
M1, D1, geno, primer, dir, 124, VSG-3110, 0, 800, 813, recomb_site, GGCGGCTTCAAAA
M1, D1, geno, primer, dir, 125, VSG-3110, 0, 827, 832, recomb_site, CAAAC
M1, D1, geno, primer, dir, 125, VSG-3110, 0, 834, 839, recomb_site, CAGCA
M1, D1, geno, primer, dir, 125, VSG-3110, 0, 845, 889, recomb_site, AACAAGCTAATCAGCGCACTCAAAAATAAGGGCGCCGGTGTCGC
M1, D1, geno, primer, dir, 126, VSG-3110, 0, 901, 910, recomb_site, AACTGTAAC
M1, D1, geno, primer, dir, 127, VSG-3110, 0, 912, 927, recomb_site, CGGCAGCACCTACAA
M1, D1, geno, primer, dir, 128, VSG-3110, 0, 932, 937, recomb_site, CAGGA
M1, D1, geno, primer, dir, 128, VSG-3110, 0, 944, 955, recomb_site, ACACTACTGGC
M1, D1, geno, primer, dir, 129, VSG-3110, 0, 335, 343, recomb_site, GCCAAACT
M1, D1, geno, primer, dir, 130, VSG-3110, 0, 980, 988, recomb_site, CAAGCAGC
M1, D1, geno, primer, dir, 131, VSG-3110, 0, 989, 994, recomb_site, AACGA
M1, D1, geno, primer, dir, 131, VSG-3110, 0, 995, 1027, recomb_site, GAGTATAATAACTGGAAACCAGGCGCCAAGCC
M1, D1, geno, primer, dir, 132, VSG-3110, 0, 1030, 1039, recomb_site, GGACTTCGA
M1, D1, geno, primer, dir, 133, VSG-3110, 0, 1040, 1051, recomb_site, GCCCACATCAA
M1, D1, geno, primer, dir, 134, VSG-3110, 0, 1052, 1066, recomb_site, AAAGTGTTCGGCGC
M1, D1, geno, primer, dir, 135, VSG-3110, 0, 1067, 1073, recomb_site, GAAGAC
M1, D1, geno, primer, dir, 135, VSG-3110, 0, 1075, 1094, recomb_site, CAAAGACAGCGCCTATGCC
M1, D1, geno, primer, dir, 136, VSG-3110, 0, 1095, 1108, recomb_site, TTGCACTTGAAGG
M1, D1, geno, primer, dir, 137, VSG-3110, 0, 1109, 1231, recomb_site, ATATCCATTGAGGTTCCCCTCGGAGGAGGACAAACACAAAACAAACAACTCTATTCCATGCAGCCAAAAGACCTAATGGCAGCTTTAATAGGAACGATAGCAGAACTCCAAACAGCCGCAGC
M1, D1, geno, primer, dir, 138, VSG-3110, 0, 1235, 1270, recomb_site, AAACCAGCATGCCCAGGCCATAAACAAACAACCAC
M1, D1, geno, primer, dir, 139, VSG-3110, 0, 1271, 1326, recomb_site, GAAAGTGACGCCCTATGCAGTAAAATAAAGGATGCAAACGAATGCAACAGCAAGC
M1, D1, geno, primer, dir, 140, VSG-3110, 0, 1330, 1344, recomb_site, CTGCAGTTATAACG
M1, D1, geno, primer, dir, 141, VSG-3110, 0, 1364, 1373, recomb_site, AAAAAGTGC
M1, D1, geno, primer, dir, 142, VSG-3110, 0, 1374, 1383, recomb_site, AATTTAATG
M1, D1, geno, primer, dir, 143, VSG-3110, 0, 1408, 1417, recomb_site, CCCTGTAAC
M1, D1, geno, primer, dir, 144, VSG-3110, 0, 1423, 1429, recomb_site, TCAAAC
M1, D1, geno, primer, dir, 144, VSG-3110, 0, 1457, 1465, recomb_site, TGCAAAGG
M1, D1, geno, primer, dir, 145, VSG-3110, 0, 1478, 1489, recomb_site, GACTGCAAATC
M1, D1, geno, primer, dir, 146, VSG-3110, 0, 1494, 1507, recomb_site, ATTGTAAATGGGA
M1, D1, geno, primer, dir, 147, VSG-3110, 0, 1508, 1521, recomb_site, GGCGAAACTTGCA
M1, D1, geno, primer, dir, 148, VSG-3110, 0, 1544, 1552, recomb_site, AAGAAATT
M1, D1, geno, primer, dir, 149, VSG-7358, 0, 762, 778, recomb_site, TACCGCTACTCGGCGG
M1, D1, geno, primer, dir, 150, VSG-7358, 0, 779, 796, recomb_site, CTGCTAACCATACACAA
M1, D1, geno, primer, dir, 151, VSG-7358, 0, 800, 813, recomb_site, GGCGGCTTCAAAA
M1, D1, geno, primer, dir, 152, VSG-7358, 0, 827, 833, recomb_site, CAAACC
M1, D1, geno, primer, dir, 152, VSG-7358, 0, 834, 839, recomb_site, CAGCA
M1, D1, geno, primer, dir, 152, VSG-7358, 0, 845, 865, recomb_site, AACAAGCTAATCAGCGCACT
M1, D1, geno, primer, dir, 153, VSG-7358, 0, 866, 874, recomb_site, AAAAATAA
M1, D1, geno, primer, dir, 154, VSG-7358, 0, 878, 889, recomb_site, GCCGGTGTCGC
M1, D1, geno, primer, dir, 155, VSG-7358, 0, 901, 910, recomb_site, AACTGTAAC
M1, D1, geno, primer, dir, 156, VSG-7358, 0, 911, 927, recomb_site, TCGGCAGCACCTACAA
M1, D1, geno, primer, dir, 157, VSG-7358, 0, 928, 937, recomb_site, CAAGCAGGA
M1, D1, geno, primer, dir, 158, VSG-7358, 0, 938, 943, recomb_site, CTCAA
M1, D1, geno, primer, dir, 158, VSG-7358, 0, 944, 958, recomb_site, ACACTACTGGCTTC
M1, D1, geno, primer, dir, 159, VSG-7358, 0, 959, 965, recomb_site, AAAGGG
M1, D1, geno, primer, dir, 159, VSG-7358, 0, 972, 1024, recomb_site, CCAAACTCCAAGCAGCCAACGACGAGTATAATAACTGGAAACCAGGCGCCAA
M1, D1, geno, primer, dir, 160, VSG-7358, 0, 1027, 1039, recomb_site, TGAGGACTTCGA
M1, D1, geno, primer, dir, 161, VSG-7358, 0, 1040, 1073, recomb_site, GCCCACATCAAGAAAGTGTTCGGCGCAGAAGAC
M1, D1, geno, primer, dir, 162, VSG-7358, 0, 1074, 1101, recomb_site, GCAAAGACAGCGCCTATGCCATTGCAC
M1, D1, geno, primer, dir, 163, VSG-7358, 0, 1102, 1108, recomb_site, TGAAGG
M1, D1, geno, primer, dir, 163, VSG-7358, 0, 1121, 1126, recomb_site, GTTCC
M1, D1, geno, primer, dir, 163, VSG-7358, 0, 1140, 1145, recomb_site, AAACA
M1, D1, geno, primer, dir, 163, VSG-7358, 0, 1153, 1181, recomb_site, ACAACTCTATTCCATGCAGCCAAAAGAC
M1, D1, geno, primer, dir, 164, VSG-7358, 0, 1182, 1187, recomb_site, TAATG
M1, D1, geno, primer, dir, 164, VSG-7358, 0, 1188, 1204, recomb_site, CAGCTTTAATAGGAAC
M1, D1, geno, primer, dir, 165, VSG-7358, 0, 1205, 1231, recomb_site, ATAGCAGAACTCCAAACAGCCGCAGC
M1, D1, geno, primer, dir, 166, VSG-7358, 0, 1235, 1241, recomb_site, AAACCA
M1, D1, geno, primer, dir, 166, VSG-7358, 0, 1242, 1251, recomb_site, CATGCCCAG
M1, D1, geno, primer, dir, 167, VSG-7358, 0, 1252, 1260, recomb_site, CCATAAAC
M1, D1, geno, primer, dir, 168, VSG-7358, 0, 1263, 1270, recomb_site, CAACCAC
M1, D1, geno, primer, dir, 168, VSG-7358, 0, 1271, 1284, recomb_site, GAAAGTGACGCCC
M1, D1, geno, primer, dir, 169, VSG-7358, 0, 1285, 1305, recomb_site, ATGCAGTAAAATAAAGGATG
M1, D1, geno, primer, dir, 170, VSG-7358, 0, 1306, 1326, recomb_site, AAACGAATGCAACAGCAAGC
M1, D1, geno, primer, dir, 171, VSG-7358, 0, 1330, 1344, recomb_site, CTGCAGTTATAACG
M1, D1, geno, primer, dir, 172, VSG-7358, 0, 1364, 1369, recomb_site, AAAAA
M1, D1, geno, primer, dir, 172, VSG-7358, 0, 1374, 1379, recomb_site, AATTT
M1, D1, geno, primer, dir, 172, VSG-7358, 0, 1410, 1417, recomb_site, CTGTAAC
M1, D1, geno, primer, dir, 172, VSG-7358, 0, 1418, 1431, recomb_site, CAAACTCAAACTG
M1, D1, geno, primer, dir, 173, VSG-7358, 0, 1458, 1472, recomb_site, GCAAAGGGAAAGAA
M1, D1, geno, primer, dir, 174, VSG-7358, 0, 1475, 1489, recomb_site, AAAGACTGCAAATC
M1, D1, geno, primer, dir, 175, VSG-7358, 0, 1494, 1508, recomb_site, ATTGTAAATGGGAG
M1, D1, geno, primer, dir, 176, VSG-7358, 0, 1516, 1527, recomb_site, TTGCAAAGATT
M1, D1, geno, primer, dir, 177, VSG-7358, 0, 1544, 1552, recomb_site, AAGAAATT
M1, D1, geno, primer, dir, 178, VSG-7358, 0, 1577, 1582, recomb_site, TTTGT
M1, D1, geno, primer, dir, 179, VSG-4156, 0, 208, 1326, recomb_site, CAAAACTCTATGTACTTATTCAAAAACGGCCAAACGCCAGGCAGCAAACCTGGCGCAAACACTACAACGAGCCAGCTCAGCAGCAAAGCAATCCAGACAAGCGCAGCAGTTAGCGGCTTTAGCACTGGCCAAACTGCCAGACTACAAAGAAGCAGCCGCGACACTGTTAATTTACGCCACGCACAAAATACAAGACGCGCAAGCCAGCATCGAAAACTGGACAGGAGAGAATACTAAGCTAGTTGGCCAGGCGATGTATTCCTCAGGGAGAATCGACGAACTGATGTTGCTACTAGAAGGGCACCGAGAGGACGGCGCGAACGGACAGGACAAAACTTGCCTAGGCGCGGCCGCCGGCGGCAATACAGTAAATGAATTCGTCAAAACAGAATGCGACACGGAAAGCGGCCACAACATCGAGGCAGACAACTCAAACATAGGGCAAGCGGCAACGACTCTAAGCCAAGAAAGTACAGACCCAGAAGCCAGCGGAGGCGCAAGCTGCAAAATAACAGCAAACCTTGCCACTGACTACGACAGCCATGCGAATGAGTTACCGCTACTCGGCGGCCTGCTAACCATACACAACGCAGGCGGCTTCAAAACAGGACAAAGCTTGCAAACCGCAGCACCAACCAACAAGCTAATCAGCGCACTCAAAAATAAGGGCGCCGGTGTCGCAGCTAAACTGGCAACTGTAACGTCGGCAGCACCTACAAGCAAGCAGGAACTCAAAACACTACTGGCTTCGAAAGGGGAACGCGCCAAACTCCAAGCAGCCAACGACGAGTATAATAACTGGAAACCAGGCGCCAAGCCTGAGGACTTCGACGCCCACATCAAGAAAGTGTTCGGCGCAGAAGACGGCAAAGACAGCGCCTATGCCATTGCACTTGAAGGAATATCCATTGAGGTTCCCCTCGGAGGAGGACAAACACAAAACAAACAACTCTATTCCATGCAGCCAAAAGACCTAATGGCAGCTTTAATAGGAACGATAGCAGAACTCCAAACAGCCGCAGCAACCAAACCAGCATGCCCAGGCCATAAACAAACAACCACGGAAAGTGACGCCCTATGCAGTAAAATAAAGGATGCAAACGAATGCAACAGCAAGC
M1, D1, geno, primer, dir, 180, VSG-4156, 0, 1330, 1344, recomb_site, CTGCAGTTATAACG
M1, D1, geno, primer, dir, 181, VSG-4156, 0, 1364, 1373, recomb_site, AAAAAGTGC
M1, D1, geno, primer, dir, 182, VSG-4156, 0, 1374, 1383, recomb_site, AATTTAATG
M1, D1, geno, primer, dir, 183, VSG-4156, 0, 1384, 1390, recomb_site, AACAAA
M1, D1, geno, primer, dir, 183, VSG-4156, 0, 1408, 1417, recomb_site, CCCTGTAAC
M1, D1, geno, primer, dir, 184, VSG-4156, 0, 1423, 1431, recomb_site, TCAAACTG
M1, D1, geno, primer, dir, 185, VSG-4156, 0, 1519, 1529, recomb_site, CAAAGATTCC
