./sam_alignments/D2-E8_DOX_Antat.592_CAGAGAGG+CTAAGCCT_2R_1	289842
./sam_alignments/D2-E4_DOX_Antat.592_AGGCAGAA+TATCCTCT_2R_1	252717
./sam_alignments/D2-E4_DOX_Antat.592_AGGCAGAA+TATCCTCT_1F_1	60800
./sam_alignments/D2-E8_DOX_Antat.592_CAGAGAGG+CTAAGCCT_1F_1	83581
./sam_alignments/D2-E4_DOX_Antat.592_AGGCAGAA+TATCCTCT_3F_1	209606
./sam_alignments/D2-E8_DOX_Antat.592_CAGAGAGG+CTAAGCCT_3F_1	193574
./sam_alignments/D2-E8_DOX_Antat.592_CAGAGAGG+CTAAGCCT_0R_1	10
./sam_alignments/D2-E4_DOX_Antat.592_AGGCAGAA+TATCCTCT_0R_1	5
./sam_alignments/D2-E4_DOX_Antat.592_AGGCAGAA+TATCCTCT_3R_1	52
./sam_alignments/D2-E8_DOX_Antat.592_CAGAGAGG+CTAAGCCT_3R_1	56
./sam_alignments/D2-E4_DOX_Antat.592_AGGCAGAA+TATCCTCT_1R_1	808
./sam_alignments/D2-E8_DOX_Antat.592_CAGAGAGG+CTAAGCCT_1R_1	2431
./sam_alignments/D2-E8_DOX_Antat.592_CAGAGAGG+CTAAGCCT_2F_1	262803
./sam_alignments/D2-E4_DOX_Antat.592_AGGCAGAA+TATCCTCT_2F_1	293664
./sam_alignments/D2-E4_DOX_Antat.592_AGGCAGAA+TATCCTCT_4F_1	88
./sam_alignments/D2-E8_DOX_Antat.592_CAGAGAGG+CTAAGCCT_4F_1	111
