./sam_alignments/Mun1_RAD51KO_AnTat.592.B1N2a_TAGGCATG+ACTGCATA_1F_consol_1	21086
./sam_alignments/Mun1_RAD51KO_AnTat.592.C2_ACCGTGAT+GACATTGT_3F_consol_1	71673
./sam_alignments/Mun1_RAD51KO_AnTat.592.B1N2b_CTCTCTAC+AAGGAGTA_3F_consol_1	183569
./sam_alignments/Mun1_RAD51KO_AnTat.592.C4_GCACATCG+ACTGATGG_1R_consol_1	52
./sam_alignments/Mun1_WT_AnTat.592.J1339b_AGGCAGAA+TATCCTCT_4F_consol_1	1
./sam_alignments/Mun1_WT_AnTat.592.J1339b_AGGCAGAA+TATCCTCT_3F_consol_1	158535
./sam_alignments/Mun1_B2KO_AnTat.592.B6N1a_TCCTGAGC+AGAGTAGA_4F_consol_1	0
./sam_alignments/Mun1_RAD51KO_AnTat.592.B1N2a_TAGGCATG+ACTGCATA_2R_consol_1	4234301
./sam_alignments/Mun1_WT_AnTat.592.J1339a_TAAGGCGA+TAGATCGC_3F_consol_1	253825
./sam_alignments/Mun1_B2KO_AnTat.592.B6N1a_TCCTGAGC+AGAGTAGA_3R_consol_1	1
./sam_alignments/Mun1_RAD51KO_AnTat.592.C1_CAGAGAGG+CTAAGCCT_3R_consol_1	0
./sam_alignments/Mun1_RAD51KO_AnTat.592.C2_ACCGTGAT+GACATTGT_4F_consol_1	0
./sam_alignments/Mun1_B2KO_AnTat.592.B6N1a_TCCTGAGC+AGAGTAGA_1R_consol_1	36
./sam_alignments/Mun1_WT_AnTat.592.J1339a_TAAGGCGA+TAGATCGC_2R_consol_1	3123533
./sam_alignments/Mun1_B2KO_AnTat.592.B6N1b_GGACTCCT+GTAAGGAG_0R_consol_1	0
./sam_alignments/Mun1_WT_AnTat.592.J1339a_TAAGGCGA+TAGATCGC_1R_consol_1	34
./sam_alignments/Mun1_RAD51KO_AnTat.592.C2_ACCGTGAT+GACATTGT_2F_consol_1	3355405
./sam_alignments/Mun1_B2KO_AnTat.592.B6N1b_GGACTCCT+GTAAGGAG_3R_consol_1	0
./sam_alignments/Mun1_WT_AnTat.592.J1339b_AGGCAGAA+TATCCTCT_1R_consol_1	95
./sam_alignments/Mun1_RAD51KO_AnTat.592.B1N2a_TAGGCATG+ACTGCATA_1R_consol_1	76
./sam_alignments/Mun1_RAD51KO_AnTat.592.B1N2a_TAGGCATG+ACTGCATA_0R_consol_1	0
./sam_alignments/Mun1_RAD51KO_AnTat.592.C2_ACCGTGAT+GACATTGT_1F_consol_1	13475
./sam_alignments/Mun1_B2KO_AnTat.592.B6N1b_GGACTCCT+GTAAGGAG_1F_consol_1	36106
./sam_alignments/Mun1_RAD51KO_AnTat.592.C4_GCACATCG+ACTGATGG_1F_consol_1	16706
./sam_alignments/Mun1_RAD51KO_AnTat.592.B1N2b_CTCTCTAC+AAGGAGTA_1F_consol_1	32680
./sam_alignments/Mun1_RAD51KO_AnTat.592.C2_ACCGTGAT+GACATTGT_1R_consol_1	93
./sam_alignments/Mun1_RAD51KO_AnTat.592.C4_GCACATCG+ACTGATGG_4F_consol_1	0
./sam_alignments/Mun1_RAD51KO_AnTat.592.C1_CAGAGAGG+CTAAGCCT_0R_consol_1	0
./sam_alignments/Mun1_WT_AnTat.592.J1339b_AGGCAGAA+TATCCTCT_1F_consol_1	20271
./sam_alignments/Mun1_WT_AnTat.592.J1339b_AGGCAGAA+TATCCTCT_2R_consol_1	3241949
./sam_alignments/Mun1_RAD51KO_AnTat.592.C1_CAGAGAGG+CTAAGCCT_3F_consol_1	211022
./sam_alignments/Mun1_WT_AnTat.592.J1339a_TAAGGCGA+TAGATCGC_0R_consol_1	0
./sam_alignments/Mun1_WT_AnTat.592.J1339a_TAAGGCGA+TAGATCGC_4F_consol_1	0
./sam_alignments/Mun1_RAD51KO_AnTat.592.B1N2b_CTCTCTAC+AAGGAGTA_2R_consol_1	5109079
./sam_alignments/Mun1_RAD51KO_AnTat.592.C4_GCACATCG+ACTGATGG_3R_consol_1	0
./sam_alignments/Mun1_WT_AnTat.592.J1339a_TAAGGCGA+TAGATCGC_3R_consol_1	0
./sam_alignments/Mun1_RAD51KO_AnTat.592.C1_CAGAGAGG+CTAAGCCT_1R_consol_1	55
./sam_alignments/Mun1_WT_AnTat.592.J1339b_AGGCAGAA+TATCCTCT_2F_consol_1	3469922
./sam_alignments/Mun1_RAD51KO_AnTat.592.C1_CAGAGAGG+CTAAGCCT_1F_consol_1	18715
./sam_alignments/Mun1_RAD51KO_AnTat.592.C4_GCACATCG+ACTGATGG_2F_consol_1	4199673
./sam_alignments/Mun1_WT_AnTat.592.J1339a_TAAGGCGA+TAGATCGC_1F_consol_1	36630
./sam_alignments/Mun1_RAD51KO_AnTat.592.C1_CAGAGAGG+CTAAGCCT_2F_consol_1	4222192
./sam_alignments/Mun1_RAD51KO_AnTat.592.C1_CAGAGAGG+CTAAGCCT_4F_consol_1	1
./sam_alignments/Mun1_RAD51KO_AnTat.592.B1N2a_TAGGCATG+ACTGCATA_2F_consol_1	4303099
./sam_alignments/Mun1_RAD51KO_AnTat.592.B1N2b_CTCTCTAC+AAGGAGTA_0R_consol_1	0
./sam_alignments/Mun1_B2KO_AnTat.592.B6N1a_TCCTGAGC+AGAGTAGA_1F_consol_1	15704
./sam_alignments/Mun1_B2KO_AnTat.592.B6N1a_TCCTGAGC+AGAGTAGA_0R_consol_1	0
./sam_alignments/Mun1_RAD51KO_AnTat.592.B1N2a_TAGGCATG+ACTGCATA_3R_consol_1	3
./sam_alignments/Mun1_RAD51KO_AnTat.592.C4_GCACATCG+ACTGATGG_0R_consol_1	0
./sam_alignments/Mun1_RAD51KO_AnTat.592.C2_ACCGTGAT+GACATTGT_0R_consol_1	0
./sam_alignments/Mun1_B2KO_AnTat.592.B6N1b_GGACTCCT+GTAAGGAG_4F_consol_1	0
./sam_alignments/Mun1_WT_AnTat.592.J1339b_AGGCAGAA+TATCCTCT_0R_consol_1	0
./sam_alignments/Mun1_RAD51KO_AnTat.592.B1N2b_CTCTCTAC+AAGGAGTA_1R_consol_1	97
./sam_alignments/Mun1_B2KO_AnTat.592.B6N1b_GGACTCCT+GTAAGGAG_2R_consol_1	4349909
./sam_alignments/Mun1_B2KO_AnTat.592.B6N1a_TCCTGAGC+AGAGTAGA_3F_consol_1	132926
./sam_alignments/Mun1_RAD51KO_AnTat.592.C2_ACCGTGAT+GACATTGT_3R_consol_1	0
./sam_alignments/Mun1_RAD51KO_AnTat.592.B1N2a_TAGGCATG+ACTGCATA_3F_consol_1	143823
./sam_alignments/Mun1_RAD51KO_AnTat.592.C4_GCACATCG+ACTGATGG_2R_consol_1	4196049
./sam_alignments/Mun1_RAD51KO_AnTat.592.B1N2b_CTCTCTAC+AAGGAGTA_2F_consol_1	5383948
./sam_alignments/Mun1_B2KO_AnTat.592.B6N1b_GGACTCCT+GTAAGGAG_2F_consol_1	4613541
./sam_alignments/Mun1_B2KO_AnTat.592.B6N1a_TCCTGAGC+AGAGTAGA_2R_consol_1	3131041
./sam_alignments/Mun1_RAD51KO_AnTat.592.C4_GCACATCG+ACTGATGG_3F_consol_1	89095
./sam_alignments/Mun1_B2KO_AnTat.592.B6N1a_TCCTGAGC+AGAGTAGA_2F_consol_1	2734906
./sam_alignments/Mun1_RAD51KO_AnTat.592.B1N2a_TAGGCATG+ACTGCATA_4F_consol_1	2
./sam_alignments/Mun1_RAD51KO_AnTat.592.C1_CAGAGAGG+CTAAGCCT_2R_consol_1	1839153
./sam_alignments/Mun1_B2KO_AnTat.592.B6N1b_GGACTCCT+GTAAGGAG_3F_consol_1	198356
./sam_alignments/Mun1_WT_AnTat.592.J1339a_TAAGGCGA+TAGATCGC_2F_consol_1	3050345
./sam_alignments/Mun1_B2KO_AnTat.592.B6N1b_GGACTCCT+GTAAGGAG_1R_consol_1	135
./sam_alignments/Mun1_RAD51KO_AnTat.592.B1N2b_CTCTCTAC+AAGGAGTA_3R_consol_1	2
./sam_alignments/Mun1_WT_AnTat.592.J1339b_AGGCAGAA+TATCCTCT_3R_consol_1	1
./sam_alignments/Mun1_RAD51KO_AnTat.592.C2_ACCGTGAT+GACATTGT_2R_consol_1	3505553
./sam_alignments/Mun1_RAD51KO_AnTat.592.B1N2b_CTCTCTAC+AAGGAGTA_4F_consol_1	0
